name,parameters_bn,display_name,url,baseline,description,style,tags,instruct_format,settings
acrastt/Marx-3B-V3,3,,https://huggingface.co/acrastt/Marx-3B-V3,StableLM-3B-4E1T,This is StableLM 3B 4E1T finetuned on EverythingLM Data V3 for 2 epochs using QLoRA.,generalist,,,"{""temperature"": 0.7, ""top_p"": 0.1, ""top_k"": 40, ""rep_pen"": 1.18}"
Aeala/Enterredaas-33b,33,,https://huggingface.co/Aeala/Enterredaas-33b,,,generalist,,,
Aeala/Enterredaas-65b,65,,https://huggingface.co/Aeala/Enterredaas-65b,,,generalist,,,
aetherwiing/MN-12B-Starcannon-v3,12,,,,,generalist,,,
ai21labs/AI21-Jamba-1.5-Mini,26,,https://huggingface.co/ai21labs/AI21-Jamba-1.5-Mini,,,generalist,,,
allura-org/MS-Meadowlark-22B,22,,https://huggingface.co/allura-org/MS-Meadowlark-22B,,,generalist,,,
allura-org/Tlacuilo-12B,12,,https://huggingface.co/allura-org/Tlacuilo-12B,mistralai/Mistral-Nemo-Base-2407,,chat,,ChatML,
alpindale/goliath-120b,120,,https://huggingface.co/alpindale/goliath-120b,,,generalist,,,
alpindale/magnum-72b-v1,72,,,,,generalist,,,
anthracite-org/magnum-12b-v2,12,Magnum 12B V2,https://huggingface.co/anthracite-org/magnum-v2-12b,mistralai/Mistral-Nemo-Base-2407,"Very diverse and creative model. May fall behind in logic compared to some other models but generally regarded as one of the more ""fun"" models in terms of how it writes. Good at both Story and RP.",roleplay,story,ChatML,"{""temperature"": 0.75, ""min_p"": 0.1}"
anthracite-org/magnum-v2-123b,123,,https://huggingface.co/anthracite-org/magnum-v2-123b,,,generalist,,,
anthracite-org/magnum-v3-27b-kto,27,Magnum v3 27B,https://huggingface.co/anthracite-org/magnum-v3-27b-kto,google/gemma-2-27b,"Big brother of the Magnum 12b model. Because this was trained on a totally different base, this MAY behave a bit differently than its smaller counterpart. Very good at RP and storywriting with a lot of creative flair.",story,roleplay,ChatML,
anthracite-org/magnum-v3-34b,34,,https://huggingface.co/anthracite-org/magnum-v3-34b,,,generalist,,,
anthracite-org/magnum-v3-9b-chatml,9,,https://huggingface.co/anthracite-org/magnum-v3-9b-chatml,,,generalist,,,
anthracite-org/magnum-v3-9b-customgemma2,9,,https://huggingface.co/anthracite-org/magnum-v3-9b-customgemma2,,,generalist,,,
anthracite-org/magnum-v4-123b,123,Magnum v4 123B,https://huggingface.co/anthracite-org/magnum-v4-123b,mistralai/Mistral-Large-Instruct-2407,,generalist,,Mistral,
anthracite-org/magnum-v4-12b,12,Magnum v4 12B,https://huggingface.co/anthracite-org/magnum-v4-12b,mistralai/Mistral-Nemo-Instruct-2407,,generalist,,Mistral,
anthracite-org/magnum-v4-22b,22,Magnum v4 22B,https://huggingface.co/anthracite-org/magnum-v4-22b,mistralai/Mistral-Small-Instruct-2409,,generalist,,Mistral,
anthracite-org/magnum-v4-27b,27,Magnum v4 27B,https://huggingface.co/anthracite-org/magnum-v4-27b,google/gemma-2-27b,,generalist,,ChatML,
anthracite-org/magnum-v4-72b,72,Magnum v4 72B,https://huggingface.co/anthracite-org/magnum-v4-72b,Qwen/Qwen2.5-72B-Instruct,,generalist,,ChatML,
anthracite-org/magnum-v4-9b,9,Magnum v4 9B,https://huggingface.co/anthracite-org/magnum-v4-9b,google/gemma-2-9b,,generalist,,ChatML,
arcee-ai/Llama-3.1-SuperNova-Lite,8,,,,,generalist,,,
arcee-ai/SuperNova-Medius,14,,,,,generalist,,,
ArliAI/Mistral-Nemo-12B-ArliAI-RPMax-v1.1,12,,https://huggingface.co/ArliAI/Mistral-Nemo-12B-ArliAI-RPMax-v1.1,,,generalist,,,
ArliAI/Mistral-Nemo-12B-ArliAI-RPMax-v1.2,12,,,,,generalist,,,
Aurore-Reveil/Koto-Small-7B-IT,7,,,,,generalist,,,
Austism/chronos-hermes-13b-v2,13,,https://huggingface.co/Austism/chronos-hermes-13b-v2,,,generalist,,,
Austism/chronos-hermes-13b,13,,https://huggingface.co/Austism/chronos-hermes-13b,,,generalist,,,
bigscience/bloom-1b7,1.7,,https://huggingface.co/bigscience/bloom-1b7,,,generalist,,,
bigscience/bloom-3b,3,,https://huggingface.co/bigscience/bloom-3b,,,generalist,,,
bigscience/bloom-560m,0.56,,https://huggingface.co/bigscience/bloom-560m,,,generalist,,,
bigscience/bloom-7b1,7.1,,https://huggingface.co/bigscience/bloom-7b1,,,generalist,,,
bigscience/bloom,176,,https://huggingface.co/bigscience/bloom,,,generalist,,,
bigscience/bloomz-1b7,1.7,,https://huggingface.co/bigscience/bloomz-1b7,,,generalist,,,
bigscience/bloomz-3b,3,,https://huggingface.co/bigscience/bloomz-3b,,,generalist,,,
bigscience/bloomz-7b1,7.1,,https://huggingface.co/bigscience/bloomz-7b1,,,generalist,,,
bigscience/bloomz,176,,https://huggingface.co/bigscience/bloomz,,,generalist,,,
Black-Ink-Guild/Pernicious_Prophecy_70B,70,,,,,generalist,,,
bluuwhale/L3-SthenoMaidBlackroot-8B-V1,8,,https://huggingface.co/bluuwhale/L3-SthenoMaidBlackroot-8B-V1,,,generalist,,,
Bronya-Rand/Inairtra-7B,7,,https://huggingface.co/Bronya-Rand/Inairtra-7B,,,generalist,,,
brucethemoose/Yi-34B-200K-RPMerge,34,,https://huggingface.co/brucethemoose/Yi-34B-200K-RPMerge,,,generalist,,,
BruhzWater/Edens-Fall-L3.3-70b-0.3b,71,,https://huggingface.co/BruhzWater/Edens-Fall-L3.3-70b-0.3b,deepcogito/cogito-v2-preview-llama-70B,"Tuner's Notes: Final stage of a 3 part merge. I wanted to try to create a model for creative writing that had lengthy responses without repeating story beats. This one feels relatively unique, but still being tested.",chat,roleplay,Llama3,
BruhzWater/Sapphira-L3.3-70b-0.1,71,,https://huggingface.co/BruhzWater/Sapphira-L3.3-70b-0.1,deepcogito/cogito-v2-preview-llama-70B,Ranks 2nd place in UGI under 100B on the UGI Leaderboard with high Willingness and Writing scores. This model is great for general ERP.,chat,roleplay,Llama3,
BruhzWater/Sapphira-L3.3-70b-0.2,71,,https://huggingface.co/BruhzWater/Sapphira-L3.3-70b-0.2,deepcogito/cogito-v2-preview-llama-70B,"Storytelling and RP model similar to Sapphira-L3.3-70b-0.1, but a little spicier. Ranks 3rd place in UGI under 100B on the UGI Leaderboard with high Willingness and Writing scores. This model is excellent for general ERP.",chat,roleplay,Llama3,
CalderaAI/13B-BlueMethod,13,,https://huggingface.co/CalderaAI/13B-BlueMethod,,,generalist,,,
CalderaAI/13B-Ouroboros,13,,https://huggingface.co/CalderaAI/13B-Ouroboros,,,generalist,,,
CalderaAI/30B-Epsilon,33,,https://huggingface.co/CalderaAI/30B-Epsilon,,,generalist,,,
CalderaAI/30B-Lazarus,33,,https://huggingface.co/CalderaAI/30B-Lazarus,,,generalist,,,
Casual-Autopsy/L3-Super-Nova-RP-8B,8,,https://huggingface.co/Casual-Autopsy/L3-Super-Nova-RP-8B,,,chat,"popular,roleplay",Llama 3 Instruct,
Casual-Autopsy/Maginum-Cydoms-24B,24,,https://huggingface.co/Casual-Autopsy/Maginum-Cydoms-24B,,"The following models were included in the merge:anthracite-core/Mistral-Small-3.2-24B-Instruct-2506-Text-Only, TheDrummer/Magidonia-24B-v4.3, TheDrummer/Precog-24B-v1, zerofata/MS3.2-PaintedFantasy-v3-24B, TheDrummer/Cydonia-24B-v4.3, ReadyArt/4.2.0-Broken-Tutu-24b, zerofata/MS3.2-PaintedFantasy-v2-24B",chat,roleplay,Mistral V7 Tekken,
cgato/L3-TheSpice-8b-v0.8.3,8,,https://huggingface.co/cgato/L3-TheSpice-8b-v0.8.3,,,generalist,,,
ChaoticNeutrals/Poppy_Porpoise-v0.7-L3-8B,8,,https://huggingface.co/ChaoticNeutrals/Poppy_Porpoise-v0.7-L3-8B,,,generalist,,,
chargoddard/storytime-13b,13,,https://huggingface.co/chargoddard/storytime-13b,chargoddard/Chronorctypus-Limarobormes-13b,"A few years old, but still a strong chat, roleplay, and storytelling NSFW model.",Chat,"popular,roleplay,storytelling",Alpaca,
chavinlo/gpt4-x-alpaca,13,,https://huggingface.co/chavinlo/gpt4-x-alpaca,,,generalist,,,
codellama/CodeLlama-13b-hf,13,,https://huggingface.co/codellama/CodeLlama-13b-hf,,,generalist,,,
codellama/CodeLlama-13b-Instruct-hf,13,,https://huggingface.co/codellama/CodeLlama-13b-Instruct-hf,,,generalist,,,
codellama/CodeLlama-34b-hf,34,,https://huggingface.co/codellama/CodeLlama-34b-hf,,,generalist,,,
codellama/CodeLlama-34b-Instruct-hf,34,,https://huggingface.co/codellama/CodeLlama-34b-Instruct-hf,,,generalist,,,
codellama/CodeLlama-7b-hf,7,,https://huggingface.co/codellama/CodeLlama-7b-hf,,,generalist,,,
codellama/CodeLlama-7b-Instruct-hf,7,,https://huggingface.co/codellama/CodeLlama-7b-Instruct-hf,,,generalist,,,
coder3101/Qwen3.5-27B-heretic,27,,https://huggingface.co/coder3101/Qwen3.5-27B-heretic,Qwen/Qwen3.5-27B,"This is a decensored version of Qwen/Qwen3.5-27B, made using Heretic v1.2.0 with Magnitude-Preserving Orthogonal Ablation (MPOA)",chat,,,
coder3101/Qwen3.5-35B-A3B-heretic,18,,https://huggingface.co/coder3101/Qwen3.5-35B-A3B-heretic,Qwen/Qwen3.5-35B-A3B-Base,,generalist,,,
cognitivecomputations/dolphin-2.9-llama3-8b,8,,https://huggingface.co/cognitivecomputations/dolphin-2.9-llama3-8b,,,generalist,,,
cognitivecomputations/dolphin-2.9.3-mistral-nemo-12b,12,,https://huggingface.co/cognitivecomputations/dolphin-2.9.3-mistral-nemo-12b,,,generalist,,,
cognitivecomputations/dolphin-2.9.4-gemma2-2b,2,,https://huggingface.co/cognitivecomputations/dolphin-2.9.4-gemma2-2b,,,generalist,,,
CohereForAI/c4ai-command-a-03-2025,111,,,,,generalist,,,
CohereForAI/c4ai-command-r-08-2024,32,,,,,generalist,,,
CohereForAI/c4ai-command-r-plus-08-2024,104,,,,,generalist,,,
CohereForAI/c4ai-command-r-plus,104,,https://huggingface.co/CohereForAI/c4ai-command-r-plus,,,generalist,,,
CohereForAI/c4ai-command-r-v01,35,,https://huggingface.co/CohereForAI/c4ai-command-r-v01,,,generalist,,,
concedo/Beepo-22B,22,,https://huggingface.co/concedo/Beepo-22B,mistralai/Mistral-Small-Instruct-2409,Decensored finetune of Mistral Small 22B that attempts to keep its intelligence/instruct capabilities.,generalist,,Alpaca,
crestf411/daybreak-kunoichi-2dpo-7b,7,,https://huggingface.co/crestf411/daybreak-kunoichi-2dpo-7b,,,generalist,,,
crownelius/Crow-9B-Opus-4.6-Distill-Heretic_Qwen3.5,9,,https://huggingface.co/crownelius/Crow-9B-Opus-4.6-Distill-Heretic_Qwen3.5,Qwen/Qwen3.5-9B-Base,Flagship Intelligence. Featherweight Footprint. Meticulously distilled from Claude Opus 4.6 into a highly efficient Qwen 3.5 architecture.,chat,generalist,,
Darkhn/GLM-Air-4.5-106B-Animus-V12.1,53,,https://huggingface.co/Darkhn/GLM-Air-4.5-106B-Animus-V12.1?not-for-all-audiences=true,zai-org/GLM-4.5-Air,"V12.1's strength comes from a novel dataset designed to teach the model the why behind the lore, not just the what.",chat,roleplay,,
DatToad/Chuluun-Qwen2.5-32B-v0.01,32,,,,,generalist,,,
DatToad/Chuluun-Qwen2.5-72B-v0.01,72,,,,,generalist,,,
DatToad/Chuluun-Qwen2.5-72B-v0.08,72,,,,,generalist,,,
DavidAU/Psyonic-Cetacean-Ultra-Quality-20b,20,,https://huggingface.co/DavidAU/Psyonic-Cetacean-Ultra-Quality-20b-GGUF,,,generalist,,,
deepseek-ai/DeepSeek-Coder-V2-Lite-Instruct,16,,https://huggingface.co/deepseek-ai/DeepSeek-Coder-V2-Lite-Instruct,,,generalist,,,
deepseek-ai/DeepSeek-R1-Distill-Llama-8B,8,,,,,generalist,,,
deepseek-ai/DeepSeek-R1-Distill-Qwen-32B,32,,,,,generalist,,,
deepseek-ai/DeepSeek-V2.5-1210,236,,https://huggingface.co/deepseek-ai/DeepSeek-V2.5-1210,,,generalist,,,
deepseek-ai/DeepSeek-V3-Base,243,,,,,generalist,,,
deepseek-ai/DeepSeek-V3,243,,,,,generalist,,,
digitous/GPT-R,6,,https://huggingface.co/digitous/GPT-R,,,generalist,,,
digitous/Janin-R,6,,https://huggingface.co/digitous/Janin-R,,,generalist,,,
digitous/Javelin-R,6,,https://huggingface.co/digitous/Javelin-R,,,generalist,,,
Doctor-Shotgun/MS3.2-24B-Magnum-Diamond,24,,,,,generalist,roleplay,Mistral v7 Tekken,
DreadPoor/Famino-12B-Model_Stock,12,,https://huggingface.co/DreadPoor/Famino-12B-Model_Stock,,,chat,roleplay,Mistral,
DreadPoor/Irix-12B-Model_Stock,12.2,,https://huggingface.co/DreadPoor/Irix-12B-Model_Stock,yamatazen/EtherealAurora-12B-v2,,chat,roleplay,Mistral,
DreadPoor/Smoothie-12B-Model_Stock,12,,https://huggingface.co/DreadPoor/Smoothie-12B-Model_Stock,DreadPoor/Ward-12B-Model_Stock,,chat,roleplay,Mistral,
dreamgen/opus-v1.4-70b-llama3,70,,https://huggingface.co/dreamgen/opus-v1.4-70b-llama3-gguf,,,generalist,,,
ehartford/Wizard-Vicuna-13B-Uncensored,13,,https://huggingface.co/cognitivecomputations/Wizard-Vicuna-13B-Uncensored,,,generalist,,,
ehartford/Wizard-Vicuna-7B-Uncensored,7,,https://huggingface.co/cognitivecomputations/Wizard-Vicuna-7B-Uncensored,,,generalist,,,
ehartford/WizardLM-1.0-Uncensored-Llama2-13b,13,,https://huggingface.co/cognitivecomputations/WizardLM-1.0-Uncensored-Llama2-13b,,,generalist,,,
ehartford/WizardLM-13B-Uncensored,13,,,,,generalist,,,
ehartford/WizardLM-13B-V1.0-Uncensored,13,,https://huggingface.co/cognitivecomputations/WizardLM-13B-V1.0-Uncensored,,,generalist,,,
ehartford/WizardLM-30B-Uncensored,33,,https://huggingface.co/cognitivecomputations/WizardLM-30B-Uncensored,,,generalist,,,
ehartford/WizardLM-33B-V1.0-Uncensored,33,,,,,generalist,,,
ehartford/WizardLM-7B-Uncensored,7,,https://huggingface.co/cognitivecomputations/WizardLM-7B-Uncensored,,,generalist,,,
EleutherAI/gpt-j-6B,6,,https://huggingface.co/EleutherAI/gpt-j-6b,,,generalist,,,
EleutherAI/gpt-neo-1.3B,1.3,,https://huggingface.co/EleutherAI/gpt-neo-1.3B,,,generalist,,,
EleutherAI/gpt-neo-125M,0.125,,https://huggingface.co/EleutherAI/gpt-neo-125m,,,generalist,,,
EleutherAI/gpt-neo-2.7B,2.7,,https://huggingface.co/EleutherAI/gpt-neo-2.7B,,,generalist,,,
EleutherAI/gpt-neox-20b,20,,https://huggingface.co/EleutherAI/gpt-neox-20b,,,generalist,,,
EleutherAI/pythia-1.3b-deduped,1.3,,,,,generalist,,,
EleutherAI/pythia-1.3b,1.3,,,,,generalist,,,
EleutherAI/pythia-1.4b-deduped,1.4,,https://huggingface.co/EleutherAI/pythia-1.4b-deduped,,,generalist,,,
EleutherAI/pythia-1.4b,1.4,,https://huggingface.co/EleutherAI/pythia-1.4b,,,generalist,,,
EleutherAI/pythia-125m-deduped,0.125,,,,,generalist,,,
EleutherAI/pythia-125m,0.125,,,,,generalist,,,
EleutherAI/pythia-12b-deduped,12,,https://huggingface.co/EleutherAI/pythia-12b-deduped,,,generalist,,,
EleutherAI/pythia-12b,12,,https://huggingface.co/EleutherAI/pythia-12b,,,generalist,,,
EleutherAI/pythia-13b-deduped,13,,,,,generalist,,,
EleutherAI/pythia-13b,13,,,,,generalist,,,
EleutherAI/pythia-160m-deduped,0.16,,https://huggingface.co/EleutherAI/pythia-160m-deduped,,,generalist,,,
EleutherAI/pythia-160m,0.16,,https://huggingface.co/EleutherAI/pythia-160m,,,generalist,,,
EleutherAI/pythia-1b-deduped,1,,https://huggingface.co/EleutherAI/pythia-1b-deduped,,,generalist,,,
EleutherAI/pythia-1b,1,,https://huggingface.co/EleutherAI/pythia-1b,,,generalist,,,
EleutherAI/pythia-2.8b-deduped,2.8,,https://huggingface.co/EleutherAI/pythia-2.8b-deduped,,,generalist,,,
EleutherAI/pythia-2.8b,2.8,,https://huggingface.co/EleutherAI/pythia-2.8b,,,generalist,,,
EleutherAI/pythia-350m-deduped,0.35,,,,,generalist,,,
EleutherAI/pythia-350m,0.35,,,,,generalist,,,
EleutherAI/pythia-410m-deduped,0.41,,https://huggingface.co/EleutherAI/pythia-410m-deduped,,,generalist,,,
EleutherAI/pythia-410m,0.41,,https://huggingface.co/EleutherAI/pythia-410m,,,generalist,,,
EleutherAI/pythia-6.7b-deduped,6.7,,,,,generalist,,,
EleutherAI/pythia-6.7b,6.7,,,,,generalist,,,
EleutherAI/pythia-6.9b-deduped,6.9,,https://huggingface.co/EleutherAI/pythia-6.9b-deduped,,,generalist,,,
EleutherAI/pythia-6.9b,6.9,,https://huggingface.co/EleutherAI/pythia-6.9b,,,generalist,,,
EleutherAI/pythia-70m-deduped,0.07,,https://huggingface.co/EleutherAI/pythia-70m-deduped,,,generalist,,,
EleutherAI/pythia-70m,0.07,,https://huggingface.co/EleutherAI/pythia-70m,,,generalist,,,
EleutherAI/pythia-800m,0.8,,,,,generalist,,,
elinas/ChronoEuryalis-70B,70,,,,,generalist,,,
elinas/chronos-13b-v2,13,,https://huggingface.co/elinas/chronos-13b-v2,,,generalist,,,
elinas/chronos-13b,13,,https://huggingface.co/elinas/chronos-13b,,,generalist,,,
elinas/chronos-33b,30,,https://huggingface.co/elinas/chronos-33b,,,generalist,,,
elinas/chronos-70b-v2,70,,https://huggingface.co/elinas/chronos-70b-v2,,,generalist,,ChatML,"{""temperature"": 0.75, ""min_p"": 0.1}"
elinas/Chronos-Gold-12B-1.0,12,,https://huggingface.co/elinas/Chronos-Gold-12B-1.0,,"This model builds upon it's base to leverage a dataset with a more varied corpus of text, giving this model an edge in creativity. Very strong in both RP and storytelling.",roleplay,story,,
elinas/chronos-mistral-7b,7,,https://huggingface.co/elinas/chronos-mistral-7b,,,generalist,,,
elinas/chronos007-70b,70,,https://huggingface.co/elinas/chronos007-70b,,,generalist,,,
Entropicengine/Pinecone-Titan-70b,70,,https://huggingface.co/Entropicengine/Pinecone-Titan-70b,,"The Pinecone Series is a collection of thoughtfully crafted model merges, combining the strengths of the best models among my personal favourites. Each version is curated to excel in roleplay, general knowledge, intelligence, and rich creative writing, while preserving the unique capabilities of its underlying models.",chat,,,
EVA-UNIT-01/EVA-Qwen2.5-14B-v0.2,14,,,,,generalist,,,
EVA-UNIT-01/EVA-Qwen2.5-32B-v0.2,32,,https://huggingface.co/EVA-UNIT-01/EVA-Qwen2.5-32B-v0.2,,,generalist,,,
EVA-UNIT-01/EVA-Qwen2.5-72B-v0.1,72,,,,,generalist,,,
EVA-UNIT-01/EVA-Qwen2.5-7B-v0.1,7,,,,,generalist,,,
facebook/opt-1.3b,1.3,,https://huggingface.co/facebook/opt-1.3b,,,generalist,,,
facebook/opt-125m,0.125,,https://huggingface.co/facebook/opt-125m,,,generalist,,,
facebook/opt-13b,13,,https://huggingface.co/facebook/opt-13b,,,generalist,,,
facebook/opt-2.7b,2.7,,https://huggingface.co/facebook/opt-2.7b,,,generalist,,,
facebook/opt-30b,30,,https://huggingface.co/facebook/opt-30b,,,generalist,,,
facebook/opt-350m,0.35,,https://huggingface.co/facebook/opt-350m,,,generalist,,,
facebook/opt-6.7b,6.7,,https://huggingface.co/facebook/opt-6.7b,,,generalist,,,
facebook/opt-66b,66,,https://huggingface.co/facebook/opt-66b,,,generalist,,,
facebook/opt-iml-1.3b,1.3,,https://huggingface.co/facebook/opt-iml-1.3b,,,generalist,,,
facebook/opt-iml-max-30b,30,,https://huggingface.co/facebook/opt-iml-max-30b,,,generalist,,,
facebook/xglm-1.7B,1.7,,https://huggingface.co/facebook/xglm-1.7B,,,generalist,,,
facebook/xglm-2.9B,2.9,,https://huggingface.co/facebook/xglm-2.9B,,,generalist,,,
facebook/xglm-4.5B,4.5,,https://huggingface.co/facebook/xglm-4.5B,,,generalist,,,
facebook/xglm-564M,0.564,,https://huggingface.co/facebook/xglm-564M,,,generalist,,,
facebook/xglm-7.5B,7.5,,https://huggingface.co/facebook/xglm-7.5B,,,generalist,,,
fblgit/UNA-TheBeagle-7b-v1,7,,https://huggingface.co/fblgit/UNA-TheBeagle-7b-v1,,,generalist,,,
FlareRebellion/WeirdCompound-v1.0-24b,24,,https://huggingface.co/FlareRebellion/WeirdCompound-v1.0-24b,,,chat,roleplay,Mistral,
FlareRebellion/WeirdCompound-v1.1-24b,24,,https://huggingface.co/FlareRebellion/WeirdCompound-v1.1-24b,,,chat,roleplay,Mistral,
FlareRebellion/WeirdCompound-v1.2-24b,24,,https://huggingface.co/FlareRebellion/WeirdCompound-v1.2-24b,,,chat,roleplay,Mistral,
FlareRebellion/WeirdCompound-v1.3-24b,24,,https://huggingface.co/FlareRebellion/WeirdCompound-v1.3-24b,,,chat,roleplay,Mistral,
FlareRebellion/WeirdCompound-v1.4-24b,24,,https://huggingface.co/FlareRebellion/WeirdCompound-v1.4-24b,,,chat,roleplay,Mistral,
FlareRebellion/WeirdCompound-v1.5-24b,24,,https://huggingface.co/FlareRebellion/WeirdCompound-v1.5-24b,,,chat,roleplay,Mistral,
FlareRebellion/WeirdCompound-v1.6-24b,24,,https://huggingface.co/FlareRebellion/WeirdCompound-v1.6-24b,,,chat,roleplay,Mistral,
FlareRebellion/WeirdCompound-v1.7-24b,24,,https://huggingface.co/FlareRebellion/WeirdCompound-v1.7-24b,,,chat,roleplay,Mistral,
FluffyKaeloky/Luminum-v0.1-123B,123,,https://huggingface.co/FluffyKaeloky/Luminum-v0.1-123B,,A merge of Lumimaid v0.2 123B and Magnum v2 123B with Mistral Large Instruct 2407 as its base. Claims to inherit Luminaid's vocabulary and Magnum's creativity while keeping Mistral Large's smarts.,generalist,,Mistral,
froggeric/WestLake-10.7B-v2,11,,https://huggingface.co/froggeric/WestLake-10.7B-v2,,RP focused model that excels across many tasks. Generally fairly reliable even outside of RP,roleplay,,Alpaca,
Goekdeniz-Guelmez/Josiefied-Qwen3-4B-abliterated-v1,4,,,,,generalist,,,
Goekdeniz-Guelmez/Josiefied-Qwen3-8B-abliterated-v1,8,,,,,generalist,,,
google/gemma-2-27b-it,27,Gemma 2 27B IT,https://huggingface.co/google/gemma-2-27b-it,,"Big brother of the Gemma 2 9b model. Incredibly knowledgable and logical, but even more of a pain to finetune without degrading quality. Even without any finetuning Gemma 2 27b accels across a wide range of tasks. Compared to the 9b version it is not considerbly more logical, but it does have far more creative range. Users with weaker hardware will still get a good experience with the 9b options like Gemma-2 9b SPPO.",generalist,,Gemma,
google/gemma-3-12b-it,12,,,,,generalist,,,
google/gemma-3-27b-it,27,,,,,generalist,,,
google/gemma-3-4b-it,4,,,,,generalist,,,
gpt2-large,0.774,,https://huggingface.co/openai-community/gpt2-large,,,generalist,,,
gpt2-medium,0.355,,https://huggingface.co/openai-community/gpt2-medium,,,generalist,,,
gpt2-xl,1.5,,https://huggingface.co/openai-community/gpt2-xl,,,generalist,,,
gpt2,0.124,,https://huggingface.co/openai-community/gpt2,,,generalist,,,
Gryphe/MythoMax-L2-13b,13,,https://huggingface.co/Gryphe/MythoMax-L2-13b,,,generalist,,,
Gryphe/Pantheon-Proto-RP-1.8-30B-A3B,17,,https://huggingface.co/Gryphe/Pantheon-Proto-RP-1.8-30B-A3B,Qwen/Qwen3-30B-A3B-Base,"This time the recipe focused on combining as many data sources as I possibly could, featuring synthetic data from Sonnet 3.5 + 3.7, ChatGPT 4o and Deepseek. These then went through an extensive rewriting pipeline to eliminate common AI cliches, with the hopeful intent of providing you a fresh experience.",chat,roleplay,ChatML,
Gryphe/Pantheon-RP-1.0-8b-Llama-3,8,,https://huggingface.co/Gryphe/Pantheon-RP-1.0-8b-Llama-3,,,chat,"assertive,roleplay",ChatML,
hakurei/lit-6B,6,,https://huggingface.co/hakurei/lit-6B,,,generalist,,,
hakurei/lotus-12B,12,,https://huggingface.co/hakurei/lotus-12B,,,generalist,,,
Hastagaras/Jamet-8B-L3-MK.V-Blackroot,8,,https://huggingface.co/Hastagaras/Jamet-8B-L3-MK.V-Blackroot,,,generalist,,,
Henk717/airochronos-33B,33,,https://huggingface.co/Henk717/airochronos-33B,,,generalist,,,
Henk717/chronoboros-33B,33,,https://huggingface.co/Henk717/chronoboros-33B,,,generalist,,,
Henk717/echidna-tiefigther-25,13,,https://huggingface.co/Henk717/echidna-tiefigther-25,,,generalist,,,
Henk717/spring-dragon,13,,https://huggingface.co/Henk717/spring-dragon,,,generalist,,,
Himitsui/Kaiju-11B,11,,https://huggingface.co/Himitsui/Kaiju-11B,,,generalist,,,
HuggingFaceH4/zephyr-orpo-141b-A35b-v0.1,88,,https://huggingface.co/HuggingFaceH4/zephyr-orpo-141b-A35b-v0.1,,,generalist,,,
huihui-ai/DeepSeek-R1-Distill-Qwen-14B-abliterated-v2,14,,,,,generalist,,,
huihui-ai/DeepSeek-R1-Distill-Qwen-32B-abliterated,32,,,,,generalist,,,
huihui-ai/GLM-4-32B-0414-abliterated,32,,https://huggingface.co/huihui-ai/GLM-4-32B-0414-abliterated,,"Same incredible power as the original GLM-4-32B-0414, but decensored with abliteration.",chat,roleplay,,
huihui-ai/Qwen2.5-Coder-14B-Instruct-abliterated,14,,,,,generalist,,,
huihui-ai/Qwen2.5-Coder-32B-Instruct-abliterated,32,,https://huggingface.co/huihui-ai/Qwen2.5-Coder-32B-Instruct-abliterated,,,generalist,,,
IndexTeam/Index-1.9B-Chat,1.9,,https://huggingface.co/IndexTeam/Index-1.9B-Chat,,,generalist,,,
inflatebot/MN-12B-Mag-Mell-R1,12,,,,,generalist,popular,,
intervitens/mini-magnum-12b-v1.1,12,,https://huggingface.co/intervitens/mini-magnum-12b-v1.1,,,generalist,popular,,
jebcarter/psyonic-cetacean-20B,20,Psyonic Cetacean 20B,https://huggingface.co/jebcarter/psyonic-cetacean-20B,,"Older but extremely creative model that does well across a wide range of tasks but has some drawbacks. extremely high KV context size, being near 6gb per 4k context, and below average intelegence compared to modern models that will use the same memory. Great option for 16-24gb cards. Strongest when doing story/adventure but still great at KoboldAI flagship model. Excels across a wide variety of tasks, Very verbose and suitable for storytelling and RP. a Variant exists TiefighterLR-13b that may be better for Adventure mode. Alpaca RP focused model that excels across many tasks. Generally fairly reliable even outside of RP.",story,,Alpaca,
jondurbin/airoboros-33b-gpt4-1.2,33,,https://huggingface.co/jondurbin/airoboros-33b-gpt4-1.2,,,generalist,,,
jondurbin/airoboros-33b-gpt4-1.3,33,,https://huggingface.co/jondurbin/airoboros-33b-gpt4-1.3,,,generalist,,,
jondurbin/airoboros-33b-gpt4-1.4,33,,https://huggingface.co/jondurbin/airoboros-33b-gpt4-1.4,,,generalist,,,
jondurbin/airoboros-65b-gpt4-1.2,65,,https://huggingface.co/jondurbin/airoboros-65b-gpt4-1.2,,,generalist,,,
jondurbin/airoboros-65b-gpt4-1.3,65,,https://huggingface.co/jondurbin/airoboros-65b-gpt4-1.3,,,generalist,,,
jondurbin/airoboros-65b-gpt4-1.4,65,,https://huggingface.co/jondurbin/airoboros-65b-gpt4-1.4,,,generalist,,,
jondurbin/airoboros-l2-13b-2.2,13,,https://huggingface.co/jondurbin/airoboros-l2-13b-2.2,,,generalist,,,
jondurbin/airoboros-l2-7b-2.2,7,,https://huggingface.co/jondurbin/airoboros-l2-7b-2.2,,,generalist,,,
jondurbin/airoboros-m-7b-3.0,7,,https://huggingface.co/jondurbin/airoboros-m-7b-3.0,,,generalist,,,
jondurbin/airoboros-m-7b-3.1,7,,,,,generalist,,,
jondurbin/airoboros-m-7b-3.1.2,7,,https://huggingface.co/jondurbin/airoboros-m-7b-3.1.2,,,generalist,,,
jondurbin/bagel-34b-v0.2,34,,https://huggingface.co/jondurbin/bagel-34b-v0.2,,,generalist,,,
KatyTheCutie/EstopianMaid-13B,13,,https://huggingface.co/KatyTheCutie/EstopianMaid-13B,,"Merge of Estopia (another great model), Noromaid, and a few other models. Strong adhesion to character cards. Has some training for sensory requests to improve their outputs, eg, what do i see. Alpaca RP focused model that excels across many tasks. Generally fairly reliable even outside of RP.",roleplay,story,Alpaca,
knifeayumu/Behemoth-v1.1-Magnum-v4-123B,123,,https://huggingface.co/knifeayumu/Behemoth-v1.1-Magnum-v4-123B,,A merge of Behemoth 123B v1.1 and magnum-v4-123B with a recipe similar to Monstral-123B.,generalist,,,
knifeayumu/Cydonia-v1.3-Magnum-v4-22B,22,,https://huggingface.co/knifeayumu/Cydonia-v1.3-Magnum-v4-22B,TheDrummer/Cydonia-22B-v1.3,"Adventure-style RP model with rich descriptions, deep immersion, and great pacing. Strong SFW/NSFW performance. UGI 43.16 / Willingness 8 - outperforms many 100B+ giants.",chat,"adventure,popular,roleplay,story",Mistral,
knifeayumu/Cydonia-v4-MS3.2-Magnum-Diamond-24B,24,,https://huggingface.co/knifeayumu/Cydonia-v4-MS3.2-Magnum-Diamond-24B,,Merge of TheDrummer/Cydonia-24B-v4 and Doctor-Shotgun/MS3.2-24B-Magnum-Diamond,generalist,,,
knifeayumu/Cydonia-v4.1-MS3.2-Magnum-Diamond-24B,24,,https://huggingface.co/knifeayumu/Cydonia-v4.1-MS3.2-Magnum-Diamond-24B,,Merge of TheDrummer/Cydonia-24B-v4.1 and Doctor-Shotgun/MS3.2-24B-Magnum-Diamond,generalist,,,
KoboldAI/fairseq-dense-1.3B,1.3,,https://huggingface.co/KoboldAI/fairseq-dense-1.3B,,,generalist,,,
KoboldAI/fairseq-dense-125M,0.125,,https://huggingface.co/KoboldAI/fairseq-dense-125M,,,generalist,,,
KoboldAI/fairseq-dense-13B-Janeway,13,,https://huggingface.co/KoboldAI/fairseq-dense-13B-Janeway,,,generalist,,,
KoboldAI/fairseq-dense-13B-Nerys-v2,13,,https://huggingface.co/KoboldAI/fairseq-dense-13B-Nerys-v2,,,generalist,,,
KoboldAI/fairseq-dense-13B-Nerys,13,,https://huggingface.co/KoboldAI/fairseq-dense-13B-Nerys,,,generalist,,,
KoboldAI/fairseq-dense-13B-Shinen,13,,https://huggingface.co/KoboldAI/fairseq-dense-13B-Shinen,,,generalist,,,
KoboldAI/fairseq-dense-13B,13,,https://huggingface.co/KoboldAI/fairseq-dense-13B,,,generalist,,,
KoboldAI/fairseq-dense-2.7B-Janeway,2.7,,https://huggingface.co/KoboldAI/fairseq-dense-2.7B-Janeway,,,generalist,,,
KoboldAI/fairseq-dense-2.7B-Nerys,2.7,,https://huggingface.co/KoboldAI/fairseq-dense-2.7B-Nerys,,,generalist,,,
KoboldAI/fairseq-dense-2.7B,2.7,,https://huggingface.co/KoboldAI/fairseq-dense-2.7B,,,generalist,,,
KoboldAI/fairseq-dense-355M,0.355,,https://huggingface.co/KoboldAI/fairseq-dense-355M,,,generalist,,,
KoboldAI/fairseq-dense-6.7B-Janeway,6.7,,https://huggingface.co/KoboldAI/fairseq-dense-6.7B-Janeway,,,generalist,,,
KoboldAI/fairseq-dense-6.7B-Shinen,6.7,,https://huggingface.co/KoboldAI/fairseq-dense-6.7B-Shinen,,,generalist,,,
KoboldAI/fairseq-dense-6.7B,6.7,,https://huggingface.co/KoboldAI/fairseq-dense-6.7B,,,generalist,,,
KoboldAI/GPT-J-6B-Adventure,6,,https://huggingface.co/KoboldAI/GPT-J-6B-Adventure,,,generalist,,,
KoboldAI/GPT-J-6B-Janeway,6,,https://huggingface.co/KoboldAI/GPT-J-6B-Janeway,,,generalist,,,
KoboldAI/GPT-J-6B-Shinen,6,,https://huggingface.co/KoboldAI/GPT-J-6B-Shinen,,,generalist,,,
KoboldAI/GPT-J-6B-Skein,6,,https://huggingface.co/KoboldAI/GPT-J-6B-Skein,,,generalist,,,
KoboldAI/GPT-Neo-1.3B-Adventure,1.3,,https://huggingface.co/KoboldAI/GPT-Neo-1.3B-Adventure,,,generalist,,,
KoboldAI/GPT-Neo-1.3B-Ramsay,1.3,,https://huggingface.co/KoboldAI/GPT-Neo-1.3B-Ramsay,,,generalist,,,
KoboldAI/GPT-Neo-2.7B-AID,2.7,,https://huggingface.co/KoboldAI/GPT-Neo-2.7B-AID,,,generalist,,,
KoboldAI/GPT-Neo-2.7B-Horni-LN,2.7,,https://huggingface.co/KoboldAI/GPT-Neo-2.7B-Horni-LN,,,generalist,,,
KoboldAI/GPT-Neo-2.7B-Horni,2.7,,https://huggingface.co/KoboldAI/GPT-Neo-2.7B-Horni,,,generalist,,,
KoboldAI/GPT-Neo-2.7B-Janeway,2.7,,https://huggingface.co/KoboldAI/GPT-Neo-2.7B-Janeway,,,generalist,,,
KoboldAI/GPT-Neo-2.7B-Picard,2.7,,https://huggingface.co/KoboldAI/GPT-Neo-2.7B-Picard,,,generalist,,,
KoboldAI/GPT-Neo-2.7B-Shinen,2.7,,https://huggingface.co/KoboldAI/GPT-Neo-2.7B-Shinen,,,generalist,,,
KoboldAI/GPT-NeoX-20B-Erebus,20,,https://huggingface.co/KoboldAI/GPT-NeoX-20B-Erebus,,,generalist,,,
KoboldAI/GPT-NeoX-20B-Skein,20,,https://huggingface.co/KoboldAI/GPT-NeoX-20B-Skein,,,generalist,,,
KoboldAI/Llama-3.1-8B-BookAdventures,8,,,,,generalist,,,
KoboldAI/LLaMA2-13B-Erebus-v3,13,,https://huggingface.co/KoboldAI/LLaMA2-13B-Erebus-v3,,,generalist,,,
KoboldAI/LLaMA2-13B-Estopia,13,,https://huggingface.co/KoboldAI/LLaMA2-13B-Estopia,,,generalist,,,
KoboldAI/LLAMA2-13B-Holodeck-1,13,,https://huggingface.co/KoboldAI/LLAMA2-13B-Holodeck-1,,,generalist,,,
KoboldAI/LLaMA2-13B-Holomax,13,,https://huggingface.co/KoboldAI/LLaMA2-13B-Holomax,,,generalist,,,
KoboldAI/LLaMA2-13B-Psyfighter2,13,,https://huggingface.co/KoboldAI/LLaMA2-13B-Psyfighter2,,,generalist,,,
KoboldAI/LLaMA2-13B-Tiefighter,13,,https://huggingface.co/KoboldAI/LLaMA2-13B-Tiefighter,,"KoboldAI flagship model. Excels across a wide variety of tasks, Very verbose and suitable for storytelling and RP. a Variant exists TiefighterLR-13b that may be better for Adventure mode. Alpaca RP focused model that excels across many tasks. Generally fairly reliable even outside of RP.",story,"popular,roleplay",,
KoboldAI/LLaMA2-13B-TiefighterLR,13,,https://huggingface.co/KoboldAI/LLaMA2-13B-TiefighterLR,,,generalist,,Alpaca,
KoboldAI/LLaMA2-13B-TieWriter,13,,,,,generalist,,,
KoboldAI/Mistral-7B-Erebus-v3,7,,https://huggingface.co/KoboldAI/Mistral-7B-Erebus-v3,,,generalist,,,
KoboldAI/OPT-13B-Erebus,13,,https://huggingface.co/KoboldAI/OPT-13B-Erebus,,,generalist,,,
KoboldAI/OPT-13B-Nerybus-Mix,13,,https://huggingface.co/KoboldAI/OPT-13B-Nerybus-Mix,,,generalist,,,
KoboldAI/OPT-13B-Nerys-v2,13,,https://huggingface.co/KoboldAI/OPT-13B-Nerys-v2,,,generalist,,,
KoboldAI/OPT-2.7B-Erebus,2.7,,https://huggingface.co/KoboldAI/OPT-2.7B-Erebus,,,generalist,,,
KoboldAI/OPT-2.7B-Nerybus-Mix,2.7,,https://huggingface.co/KoboldAI/OPT-2.7B-Nerybus-Mix,,,generalist,,,
KoboldAI/OPT-2.7B-Nerys-v2,2.7,,https://huggingface.co/KoboldAI/OPT-2.7B-Nerys-v2,,,generalist,,,
KoboldAI/OPT-30B-Erebus,30,,https://huggingface.co/KoboldAI/OPT-30B-Erebus,,,generalist,,,
KoboldAI/OPT-350M-Erebus,0.35,,https://huggingface.co/KoboldAI/OPT-350M-Erebus,,,generalist,,,
KoboldAI/OPT-350M-Nerys-v2,0.35,,https://huggingface.co/KoboldAI/OPT-350M-Nerys-v2,,,generalist,,,
KoboldAI/OPT-6.7B-Erebus,6.7,,https://huggingface.co/KoboldAI/OPT-6.7B-Erebus,,,generalist,,,
KoboldAI/OPT-6.7B-Nerybus-Mix,6.7,,https://huggingface.co/KoboldAI/OPT-6.7B-Nerybus-Mix,,,generalist,,,
KoboldAI/OPT-6B-nerys-v2,6.7,,https://huggingface.co/KoboldAI/OPT-6B-nerys-v2,,,generalist,,,
KoboldAI/PPO_Pygway-6b-Mix,6,,https://huggingface.co/KoboldAI/PPO_Pygway-6b-Mix,,,generalist,,,
kyx0r/Neona-12B,12.2,,https://huggingface.co/kyx0r/Neona-12B,https://huggingface.co/yamatazen/NeonMaid-12B-v2,,chat,roleplay,ChatML,
LatitudeGames/Harbinger-24B,24,,https://huggingface.co/LatitudeGames/Harbinger-24B,mistralai/Mistral-Small-3.1-24B-Base-2503,"Harbinger-24B was designed for immersive adventures and other stories where consequences feel real and every decision matters. Training focused on enhancing instruction following, improving mid-sequence continuation, and strengthening narrative coherence over long sequences of outputs without user intervention.",chat,"adventure,rolplay",,
LatitudeGames/Muse-12B,12.2,,https://huggingface.co/LatitudeGames/Muse-12B,mistralai/Mistral-Nemo-Base-2407,"Muse brings an extra dimension to any tale-whether you're exploring a fantastical realm, court intrigue, or slice-of-life scenarios where a conversation can be as meaningful as a quest. While it handles adventure capably, Muse truly shines when character relationships and emotions are at the forefront, delivering impressive narrative coherence over long contexts.",chat,"roleplay,storytelling",ChatML,
lightblue/Karasu-Mixtral-8x22B-v0.1,88,,https://huggingface.co/lightblue/Karasu-Mixtral-8x22B-v0.1,,,generalist,,,
lizpreciatior/lzlv_70b_fp16_hf,70,,https://huggingface.co/lizpreciatior/lzlv_70b_fp16_hf,,,generalist,,,
llmfan46/Qwen3.5-35B-A3B-heretic-v1,18,,https://huggingface.co/llmfan46/Qwen3.5-35B-A3B-heretic-v1,Qwen/Qwen3.5-35B-A3B-Base,,generalist,,,
llmfan46/Qwen3.5-35B-A3B-heretic-v2,18,,https://huggingface.co/llmfan46/Qwen3.5-35B-A3B-heretic-v2,Qwen/Qwen3.5-35B-A3B-Base,,generalist,,,
Marcjoni/QuasiStarSynth-12B,12,,,,,generalist,,,
Marcjoni/SingularitySynth-12B,12,,https://huggingface.co/Marcjoni/SingularitySynth-12B,,Merge of Irix-12B-Model_Stock and EtherealAurora-12B-v2.,chat,roleplay,ChatML,
MarinaraSpaghetti/NemoMix-Unleashed-12B,12,,https://huggingface.co/MarinaraSpaghetti/NemoMix-Unleashed-12B,,,generalist,,,
MarinaraSpaghetti/NemoReRemix-12B,12,,https://huggingface.co/MarinaraSpaghetti/NemoReRemix-12B,,"Improved NemoRemix for storytelling and roleplay. Plus, this one can also be used as a general assistant model. The prose is pretty much the same, but it was made smarter, thanks to the addition of the amazing Migtissera's Tess model.",chat,roleplay,ChatML,
MarsupialAI/Aqueducts-18B,18,,https://huggingface.co/MarsupialAI/Aqueducts-18B,,,generalist,,,
MarsupialAI/Dumbstral-169B,169,,https://huggingface.co/MarsupialAI/Dumbstral-169B,,,generalist,,,
MarsupialAI/HelloNurse-11b,11,,https://huggingface.co/MarsupialAI/HelloNurse-11b,,,generalist,,,
MarsupialAI/IxChel-L3-12B,12,,https://huggingface.co/MarsupialAI/IxChel-L3-12B,,,generalist,,,
MarsupialAI/JerseyDevil-14b,14,,https://huggingface.co/MarsupialAI/JerseyDevil-14b,,,generalist,,,
MarsupialAI/KitchenSink_103b,103,,https://huggingface.co/MarsupialAI/KitchenSink_103b,,,generalist,,,
MarsupialAI/Lusca-33B,33,,https://huggingface.co/MarsupialAI/Lusca-33B,,,generalist,,,
MarsupialAI/Monstral-123B-v2,123,,https://huggingface.co/MarsupialAI/Monstral-123B-v2,,,generalist,,,
MarsupialAI/Monstral-123B,123,,https://huggingface.co/MarsupialAI/Monstral-123B,,,generalist,,,
MarsupialAI/SkunkApe-14b,14,,https://huggingface.co/MarsupialAI/SkunkApe-14b,,,generalist,,,
Merry/AID-Neo-125M,0.125,,,,,generalist,,,
meta-llama/Llama-2-13b-chat-hf,13,,https://huggingface.co/meta-llama/Llama-2-13b-chat-hf,,,generalist,,,
meta-llama/Llama-2-13b-hf,13,,https://huggingface.co/meta-llama/Llama-2-13b-hf,,,generalist,,,
meta-llama/Llama-2-70b-chat-hf,70,,https://huggingface.co/meta-llama/Llama-2-70b-chat-hf,,,generalist,,,
meta-llama/Llama-2-70b-hf,70,,https://huggingface.co/meta-llama/Llama-2-70b-hf,,,generalist,,,
meta-llama/Llama-2-7b-chat-hf,7,,https://huggingface.co/meta-llama/Llama-2-7b-chat-hf,,,generalist,,,
meta-llama/Llama-2-7b-hf,7,,https://huggingface.co/meta-llama/Llama-2-7b-hf,,,generalist,,,
meta-llama/Llama-3.1-405B-Instruct,405,,,,,generalist,,,
meta-llama/Llama-3.2-11B-Vision-Instruct,11,,,,,generalist,,,
meta-llama/Llama-3.2-1B-Instruct,1,,,,,generalist,,,
meta-llama/Llama-3.2-3B-Instruct,3,,,,,generalist,,,
meta-llama/Llama-3.2-3B,3,,https://huggingface.co/meta-llama/Llama-3.2-3B,,,generalist,,,
meta-llama/Llama-3.2-90B-Vision-Instruct,90,,,,,generalist,,,
meta-llama/Meta-Llama-3-70B-Instruct,70,,https://huggingface.co/meta-llama/Meta-Llama-3-70B-Instruct,,,generalist,,,
meta-llama/Meta-Llama-3-70B,70,,https://huggingface.co/meta-llama/Meta-Llama-3-70B,,,generalist,,,
meta-llama/Meta-Llama-3-8B-Instruct,8,,https://huggingface.co/meta-llama/Meta-Llama-3-8B-Instruct,,,generalist,,,
meta-llama/Meta-Llama-3-8B,8,,https://huggingface.co/meta-llama/Meta-Llama-3-8B,,,generalist,,,
meta-llama/Meta-Llama-3.1-8B-Instruct,8,,https://huggingface.co/meta-llama/Meta-Llama-3.1-8B-Instruct,,Optimized for multilingual dialogue use cases and outperform many of the available open source and closed chat models on common industry benchmarks.,Chat,"assistant,censored,multilingual,popular",,
microsoft/WizardLM-2-70B,70,,,,,generalist,,,
microsoft/WizardLM-2-7B,7,,https://huggingface.co/lucyknada/microsoft_WizardLM-2-7B,,,generalist,,,
microsoft/WizardLM-2-8x22B,88,,https://huggingface.co/alpindale/WizardLM-2-8x22B,,,generalist,,,
mistralai/Devstral-2-123B-Instruct-2512,123,,https://huggingface.co/mistralai/Devstral-2-123B-Instruct-2512,,"Devstral is an agentic LLM for software engineering tasks. Devstral 2 excels at using tools to explore codebases, editing multiple files, and powering software engineering agents.",coder,agentic,,
mistralai/Devstral-Small-2-24B-Instruct-2512,24,,https://huggingface.co/mistralai/Devstral-Small-2-24B-Instruct-2512,mistralai/Mistral-Small-3.1-24B-Base-2503,"Devstral is an agentic LLM for software engineering tasks. Devstral 2 excels at using tools to explore codebases, editing multiple files, and powering software engineering agents.",coder,agentic,,
mistralai/Ministral-3-14B-Instruct-2512,14,,https://huggingface.co/mistralai/Ministral-3-14B-Instruct-2512,,,generalist,agentic,,
mistralai/Ministral-3-14B-Reasoning-2512,14,,https://huggingface.co/mistralai/Ministral-3-14B-Reasoning-2512,,,generalist,"agentic,thinking",,
mistralai/Ministral-3-8B-Instruct-2512,8,,https://huggingface.co/mistralai/Ministral-3-8B-Instruct-2512,,,generalist,agentic,,
mistralai/Ministral-3-8B-Reasoning-2512,8,,https://huggingface.co/mistralai/Ministral-3-8B-Reasoning-2512,,,generalist,"agentic,thinking",,
mistralai/Mistral-7B-Instruct-v0.1,7,,https://huggingface.co/mistralai/Mistral-7B-Instruct-v0.1,,,generalist,,,
mistralai/Mistral-7B-v0.1,7,,https://huggingface.co/mistralai/Mistral-7B-v0.1,,,generalist,,,
mistralai/Mistral-Large-Instruct-2407,123,,https://huggingface.co/mistralai/Mistral-Large-Instruct-2407,,,generalist,,,
mistralai/Mistral-Large-Instruct-2411,123,,https://huggingface.co/mistralai/Mistral-Large-Instruct-2411,,,generalist,,Mistral,
mistralai/Mistral-Nemo-Instruct-2407,12,,https://huggingface.co/mistralai/Mistral-Nemo-Instruct-2407,,,generalist,,,
mistralai/Mistral-Small-24B-Instruct-2501,24,,,,,generalist,,,
mistralai/Mistral-Small-Instruct-2409,22,,,,,generalist,,,
mistralai/Mixtral-8x22B-Instruct-v0.1,88,,https://huggingface.co/mistralai/Mixtral-8x22B-Instruct-v0.1,,,generalist,,,
mistralai/Mixtral-8x7B-Instruct-v0.1,28,,https://huggingface.co/mistralai/Mixtral-8x7B-Instruct-v0.1,,"Instruct version of the initial release, still stands up as very strong as finetunes have not matured. Mistral format.",generalist,,Mistral,
mlabonne/llama-2-7b-guanaco,7,,https://huggingface.co/mlabonne/llama-2-7b-guanaco,,,generalist,,,
mlabonne/NeuralDaredevil-8B-abliterated,8,,https://huggingface.co/mlabonne/NeuralDaredevil-8B-abliterated,,"Extremely potent model, arguably better than models far larger, with the caveat being that it MUST be used with it's ""llama 3 instruct"" format, lest you lose a huge amount of its power. First notable super-merge type model for the Llama-3 ecosystem.",roleplay,,Llama 3,
moonshotai/Kimi-K2-Instruct,700,,https://huggingface.co/moonshotai/Kimi-K2-Instruct,,"Kimi K2 is a state-of-the-art mixture-of-experts (MoE) language model with 32 billion activated parameters and 1 trillion total parameters. Trained with the Muon optimizer, Kimi K2 achieves exceptional performance across frontier knowledge, reasoning, and coding tasks while being meticulously optimized for agentic capabilities.",conversational,"MoE,agentic,coding,generalist,tool-use",,
moonshotai/Kimi-K2-Thinking,700,,https://huggingface.co/moonshotai/Kimi-K2-Thinking,,"Kimi K2 Thinking is the latest, most capable version of open-source thinking model. Starting with Kimi K2, we built it as a thinking agent that reasons step-by-step while dynamically invoking tools. It sets a new state-of-the-art on Humanity's Last Exam (HLE), BrowseComp, and other benchmarks by dramatically scaling multi-step reasoning depth and maintaining stable tool-use across 200-300 sequential calls.",conversational,"MoE,agentic,coding,generalist,reasoning,tool-use",,
moonshotai/Kimi-K2.5,700,,https://huggingface.co/moonshotai/Kimi-K2.5,,"Kimi K2.5 is an open-source, native multimodal agentic model built through continual pretraining on approximately 15 trillion mixed visual and text tokens atop Kimi-K2-Base. It seamlessly integrates vision and language understanding with advanced agentic capabilities, instant and thinking modes, as well as conversational and agentic paradigms.",generalist,"MoE,agentic,coding,reasoning,tool-use,vision",,
mosaicml/mpt-1b-redpajama-200b-dolly,1,,https://huggingface.co/mosaicml/mpt-1b-redpajama-200b-dolly,,,generalist,,,
mosaicml/mpt-1b-redpajama-200b,1,,https://huggingface.co/mosaicml/mpt-1b-redpajama-200b,,,generalist,,,
mosaicml/mpt-7b-chat,7,,https://huggingface.co/mosaicml/mpt-7b-chat,,,generalist,,,
mosaicml/mpt-7b-instruct,7,,https://huggingface.co/mosaicml/mpt-7b-instruct,,,generalist,,,
mosaicml/mpt-7b-storywriter,7,,https://huggingface.co/mosaicml/mpt-7b-storywriter,,,generalist,,,
mosaicml/mpt-7b,7,,https://huggingface.co/mosaicml/mpt-7b,,,generalist,,,
MuXodious/GLM-4.7-Flash-absolute-heresy,17,,https://huggingface.co/MuXodious/GLM-4.7-Flash-absolute-heresy,zai-org/GLM-4.7-Flash,,chat,,,
NeverSleep/Echidna-13b-v0.3,13,,https://huggingface.co/NeverSleep/Echidna-13b-v0.3,,,generalist,,,
NeverSleep/Llama-3-Lumimaid-70B-v0.1-OAS,70,,https://huggingface.co/NeverSleep/Llama-3-Lumimaid-70B-v0.1-OAS,,,generalist,,,
NeverSleep/Llama-3-Lumimaid-70B-v0.1,70,,https://huggingface.co/NeverSleep/Llama-3-Lumimaid-70B-v0.1,,,generalist,,,
NeverSleep/Llama-3-Lumimaid-8B-v0.1-OAS,8,,https://huggingface.co/NeverSleep/Llama-3-Lumimaid-8B-v0.1-OAS,,,generalist,,Llama 3,
NeverSleep/Llama-3-Lumimaid-8B-v0.1,8,,https://huggingface.co/NeverSleep/Llama-3-Lumimaid-8B-v0.1,,"RP focused tune that follows directions well in instruction heavy character cards, those who are familiar with the maid series will likely enjoy this model.",roleplay,popular,,
NeverSleep/Lumimaid-v0.2-123B,123,,https://huggingface.co/NeverSleep/Lumimaid-v0.2-123B,,,generalist,,,
NeverSleep/Lumimaid-v0.2-12B,12,,https://huggingface.co/NeverSleep/Lumimaid-v0.2-12B,,"If Magnum is ""Claude at home"", Lumimaid is ""CAI at home"". Short but high quality conversational responses is where this model shines.",chat,,Mistral,"{""temperature"": 0.75, ""min_p"": 0.1}"
NeverSleep/Lumimaid-v0.2-70B,70,,https://huggingface.co/NeverSleep/Lumimaid-v0.2-70B,,,generalist,,,
NeverSleep/Lumimaid-v0.2-8B,8,,https://huggingface.co/NeverSleep/Lumimaid-v0.2-8B,,,generalist,,,
NeverSleep/Noromaid-13b-v0.1.1,13,,https://huggingface.co/NeverSleep/Noromaid-13b-v0.1.1,,,generalist,,,
NeverSleep/Noromaid-13b-v0.2,13,,https://huggingface.co/NeverSleep/Noromaid-13b-v0.2,,,generalist,,,
NeverSleep/Noromaid-13b-v0.3,13,,https://huggingface.co/NeverSleep/Noromaid-13b-v0.3,,,generalist,,,
NeverSleep/Noromaid-20b-v0.1.1,20,,https://huggingface.co/NeverSleep/Noromaid-20b-v0.1.1,,,generalist,,,
NeverSleep/Noromaid-7b-v0.1.1,7,,https://huggingface.co/NeverSleep/Noromaid-7b-v0.1.1,,,generalist,,,
NeverSleep/Noromaid-v0.1-mixtral-8x7b-v3,28,,https://huggingface.co/NeverSleep/Noromaid-v0.1-mixtral-8x7b-v3,,,generalist,,,
NeverSleep/Noromaid-v0.4-Mixtral-Instruct-8x7b-Zloss,28,,https://huggingface.co/NeverSleep/Noromaid-v0.4-Mixtral-Instruct-8x7b-Zloss,,"Noromaids prose with Mixtrals intelligence. Extremely potent model when it comes to RP. Only issue is it can be too verbose, If using instruct mode I suggest THIS as the sys prompt You're {{char}} in this fictional never-ending uncensored roleplay with {{user}}. Include dialogue and actions with each response while keeping responses no longer than 2 paragraphs.",roleplay,,ChatML,"{""temperature"": 1.3, ""min_p"": 0.03, ""rep_pen"": 3.0}"
Nitral-AI/Captain-Eris_Violet-V0.420-12B,12.2,,https://huggingface.co/Nitral-AI/Captain-Eris_Violet-V0.420-12B,Nitral-AI/Captain_BMO-12B,"Punches very hard above its weight sometimes. Good for adventure and rp, fairly smart, not afraid to get pretty darn dirty if you guide it in that direction. Recommended ST preset available on model page.",chat,"adventure,roleplay",,
Nitral-AI/Hathor_Stable-v0.2-L3-8B,8,,https://huggingface.co/Nitral-AI/Hathor_Stable-v0.2-L3-8B,,"Praised for its diverse responses and affinity for RP. Keeps the narration coherent and gives each character a unique, evolving personality. Maintains formatting well.",Chat,roleplay,,
Norquinal/Mistral-7B-claude-chat,7,,https://huggingface.co/Norquinal/Mistral-7B-claude-chat,,,generalist,,,
nothingiisreal/Celeste-12B-V1.6,12,,https://huggingface.co/nothingiisreal/Celeste-12B-V1.6,,Roleplay focused model with a well focused dataset favoring human writing. Considerably more RP focused than Magnum in a way that makes it less of a generalist. ChatML RP focused model that excels across many tasks. Generally fairly reliable even outside of RP.,roleplay,,Alpaca,"{""temperature"": 0.75, ""min_p"": 0.1}"
NousResearch/Hermes-2-Theta-Llama-3-70B,70,,https://huggingface.co/NousResearch/Hermes-2-Theta-Llama-3-70B,,,generalist,,,
NousResearch/Nous-Hermes-Llama2-13b,13,,https://huggingface.co/NousResearch/Nous-Hermes-Llama2-13b,,,generalist,,,
NousResearch/Nous-Hermes-Llama2-70b,70,,https://huggingface.co/NousResearch/Nous-Hermes-Llama2-70b,,,generalist,,,
NousResearch/Redmond-Puffin-13B,13,,https://huggingface.co/NousResearch/Redmond-Puffin-13B,,,generalist,,,
nvidia/Qwen3-Nemotron-235B-A22B-GenRM,120,,https://huggingface.co/nvidia/Qwen3-Nemotron-235B-A22B-GenRM,Qwen/Qwen3-235B-A22B-Thinking-2507,,chat,MoE,,
NyxKrage/Chronomaid-Storytelling-13b,13,,https://huggingface.co/NyxKrage/Chronomaid-Storytelling-13b,,,generalist,,,
OddTheGreat/Apparatus_24B,24,,https://huggingface.co/OddTheGreat/Apparatus_24B,TheDrummer/Cydonia-24B-v2,"Rich language, RP and ERP capabilities. Has neutral or negative bias, sometimes overreacts in a good way. Behaves well in ERP, it can understand hints and teasing while not going too horny too fast. Bilingual :English and Russian. Creator reccomends using sphiratrioth666/SillyTavern-Presets-Sphiratrioth.",Chat,"Bilingual,Roleplay",ChatML,
openaccess-ai-collective/manticore-13b,13,,https://huggingface.co/openaccess-ai-collective/manticore-13b,,,generalist,,,
OpenAssistant/oasst-sft-1-pythia-12b,12,,https://huggingface.co/OpenAssistant/oasst-sft-1-pythia-12b,,,generalist,,,
Orenguteng/Llama-3.1-8B-Lexi-Uncensored-V2,8,,https://huggingface.co/Orenguteng/Llama-3.1-8B-Lexi-Uncensored-V2,,,chat,roleplay,Llama 3 Instruct,
ParasiticRogue/EVA-Instruct-32B-v2,32,,https://huggingface.co/ParasiticRogue/EVA-Instruct-32B-v2,,A merge of Qwen2.5-Gutenberg-Doppel-32B and EVA-Qwen2.5-32B-v0.2.,generalist,,ChatML,
ParasiticRogue/EVA-Instruct-32B,32,,https://huggingface.co/ParasiticRogue/EVA-Instruct-32B,,A merge of Qwen2.5-32B-Instruct and EVA-Qwen2.5-32B-v0.0.,generalist,,ChatML,
ParasiticRogue/Instant-RP-Noodles-12B-v1.4,12,,https://huggingface.co/ParasiticRogue/Instant-RP-Noodles-12B-v1.4,,,generalist,,,
Pirr/pythia-13b-deduped-green_devil,13,,https://huggingface.co/Pirr/pythia-13b-deduped-green_devil,,,generalist,,,
PocketDoc/Dans-PersonalityEngine-V1.1.0-12b,12,,,,,generalist,,,
PocketDoc/Dans-PersonalityEngine-V1.2.0-24b,24,,https://huggingface.co/PocketDoc/Dans-PersonalityEngine-V1.2.0-24b,mistralai/Mistral-Small-24B-Base-2501,"Capable at co-writing and roleplay. Can perform sentiment analysis or summarization as part of a pipeline. Trained on a wide array of one shot instructions, multi turn instructions, tool use, role playing scenarios, text adventure games, co-writing, and much more.",generalist,"code,roleplay,science,storywriting",ChatML,"{""temperature"": 1.0, ""top_p"": 0.95, ""min_p"": 0.05}"
PocketDoc/Dans-PersonalityEngine-V1.3.0-12b,12,,,,,generalist,,,
PocketDoc/Dans-SakuraKaze-V1.0.0-12b,12,,,,,generalist,,,
PygmalionAI/mythalion-13b,13,,https://huggingface.co/PygmalionAI/mythalion-13b,,,generalist,,,
PygmalionAI/pygmalion-1.3b,1.3,,https://huggingface.co/PygmalionAI/pygmalion-1.3b,,,generalist,,,
PygmalionAI/pygmalion-13b,13,,https://huggingface.co/PygmalionAI/pygmalion-13b,,,generalist,,,
PygmalionAI/pygmalion-2-13b,13,,https://huggingface.co/PygmalionAI/pygmalion-2-13b,,,generalist,,,
PygmalionAI/pygmalion-2-7b,7,,https://huggingface.co/PygmalionAI/pygmalion-2-7b,,,generalist,,,
PygmalionAI/pygmalion-2.7b,2.7,,https://huggingface.co/PygmalionAI/pygmalion-2.7b,,,generalist,,,
PygmalionAI/pygmalion-350m,0.35,,https://huggingface.co/PygmalionAI/pygmalion-350m,,,generalist,,,
PygmalionAI/pygmalion-6b,6,,https://huggingface.co/PygmalionAI/pygmalion-6b,,,generalist,,,
PygmalionAI/pygmalion-7b,7,,https://huggingface.co/PygmalionAI/pygmalion-7b,,,generalist,,,
Qwen/QVQ-72B-Preview,72,,https://huggingface.co/Qwen/QVQ-72B-Preview,,,generalist,,,
Qwen/Qwen-1_8B-Chat,1.8,,https://huggingface.co/Qwen/Qwen-1_8B-Chat,,,generalist,,,
Qwen/Qwen-1_8B,1.8,,https://huggingface.co/Qwen/Qwen-1_8B,,,generalist,,,
Qwen/Qwen-14B-Chat,14,,https://huggingface.co/Qwen/Qwen-14B-Chat,,,generalist,,,
Qwen/Qwen-14B,14,,https://huggingface.co/Qwen/Qwen-14B,,,generalist,,,
Qwen/Qwen-72B-Chat,72,,https://huggingface.co/Qwen/Qwen-72B-Chat,,,generalist,,,
Qwen/Qwen-72B,72,,https://huggingface.co/Qwen/Qwen-72B,,,generalist,,,
Qwen/Qwen-7B-Chat,7,,https://huggingface.co/Qwen/Qwen-7B-Chat,,,generalist,,,
Qwen/Qwen-7B,7,,https://huggingface.co/Qwen/Qwen-7B,,,generalist,,,
Qwen/Qwen1.5-0.5B-Chat,0.5,,https://huggingface.co/Qwen/Qwen1.5-0.5B-Chat,,,generalist,,,
Qwen/Qwen1.5-0.5B,0.5,,https://huggingface.co/Qwen/Qwen1.5-0.5B,,,generalist,,,
Qwen/Qwen1.5-1.8B-Chat,1.8,,https://huggingface.co/Qwen/Qwen1.5-1.8B-Chat,,,generalist,,,
Qwen/Qwen1.5-1.8B,1.8,,https://huggingface.co/Qwen/Qwen1.5-1.8B,,,generalist,,,
Qwen/Qwen1.5-110B-Chat,110,,https://huggingface.co/Qwen/Qwen1.5-110B-Chat,,,generalist,,,
Qwen/Qwen1.5-110B,110,,https://huggingface.co/Qwen/Qwen1.5-110B,,,generalist,,,
Qwen/Qwen1.5-14B-Chat,14,,https://huggingface.co/Qwen/Qwen1.5-14B-Chat,,,generalist,,,
Qwen/Qwen1.5-14B,14,,https://huggingface.co/Qwen/Qwen1.5-14B,,,generalist,,,
Qwen/Qwen1.5-32B-Chat,32,,https://huggingface.co/Qwen/Qwen1.5-32B-Chat,,,generalist,,,
Qwen/Qwen1.5-32B,32,,https://huggingface.co/Qwen/Qwen1.5-32B,,,generalist,,,
Qwen/Qwen1.5-4B-Chat,4,,https://huggingface.co/Qwen/Qwen1.5-4B-Chat,,,generalist,,,
Qwen/Qwen1.5-4B,4,,https://huggingface.co/Qwen/Qwen1.5-4B,,,generalist,,,
Qwen/Qwen1.5-72B-Chat,72,,https://huggingface.co/Qwen/Qwen1.5-72B-Chat,,,generalist,,,
Qwen/Qwen1.5-72B,72,,https://huggingface.co/Qwen/Qwen1.5-72B,,,generalist,,,
Qwen/Qwen1.5-7B-Chat,7,,https://huggingface.co/Qwen/Qwen1.5-7B-Chat,,,generalist,,,
Qwen/Qwen1.5-7B,7,,https://huggingface.co/Qwen/Qwen1.5-7B,,,generalist,,,
Qwen/Qwen1.5-MoE-A2.7B-Chat,7,,https://huggingface.co/Qwen/Qwen1.5-MoE-A2.7B-Chat,,,generalist,,,
Qwen/Qwen1.5-MoE-A2.7B,7,,https://huggingface.co/Qwen/Qwen1.5-MoE-A2.7B,,,generalist,,,
Qwen/Qwen2-0.5B-Instruct,0.5,,https://huggingface.co/Qwen/Qwen2-0.5B-Instruct,,,generalist,,,
Qwen/Qwen2-0.5B,0.5,,https://huggingface.co/Qwen/Qwen2-0.5B,,,generalist,,,
Qwen/Qwen2-1.5B-Instruct,1.5,,https://huggingface.co/Qwen/Qwen2-1.5B-Instruct,,,generalist,,,
Qwen/Qwen2-1.5B,1.5,,https://huggingface.co/Qwen/Qwen2-1.5B,,,generalist,,,
Qwen/Qwen2-57B-A14B-Instruct,29,,https://huggingface.co/Qwen/Qwen2-57B-A14B-Instruct,,,generalist,,,
Qwen/Qwen2-57B-A14B,29,,https://huggingface.co/Qwen/Qwen2-57B-A14B,,,generalist,,,
Qwen/Qwen2-72B-Instruct,72,,https://huggingface.co/Qwen/Qwen2-72B-Instruct,,,generalist,,,
Qwen/Qwen2-72B,72,,https://huggingface.co/Qwen/Qwen2-72B,,,generalist,,,
Qwen/Qwen2-7B-Instruct,7,,https://huggingface.co/Qwen/Qwen2-7B-Instruct,,,generalist,,,
Qwen/Qwen2-7B,7,,https://huggingface.co/Qwen/Qwen2-7B,,,generalist,,,
Qwen/Qwen2.5-0.5B-Instruct,0.5,,https://huggingface.co/Qwen/Qwen2.5-0.5B-Instruct,,,generalist,,,
Qwen/Qwen2.5-0.5B,0.5,,https://huggingface.co/Qwen/Qwen2.5-0.5B,,,generalist,,,
Qwen/Qwen2.5-1.5B-Instruct,1.5,,https://huggingface.co/Qwen/Qwen2.5-1.5B-Instruct,,,generalist,,,
Qwen/Qwen2.5-1.5B,1.5,,https://huggingface.co/Qwen/Qwen2.5-1.5B,,,generalist,,,
Qwen/Qwen2.5-14B-Instruct-1M,14,,https://huggingface.co/Qwen/Qwen2.5-14B-Instruct-1M,,,generalist,,,
Qwen/Qwen2.5-14B-Instruct,14,,https://huggingface.co/Qwen/Qwen2.5-14B-Instruct,,,generalist,,,
Qwen/Qwen2.5-14B,14,,https://huggingface.co/Qwen/Qwen2.5-14B,,,generalist,,,
Qwen/Qwen2.5-32B-Instruct,32,,https://huggingface.co/Qwen/Qwen2.5-32B-Instruct,,,generalist,,,
Qwen/Qwen2.5-32B,32,,https://huggingface.co/Qwen/Qwen2.5-32B,,,generalist,,,
Qwen/Qwen2.5-3B-Instruct,3,,https://huggingface.co/Qwen/Qwen2.5-3B-Instruct,,,generalist,,,
Qwen/Qwen2.5-3B,3,,https://huggingface.co/Qwen/Qwen2.5-3B,,,generalist,,,
Qwen/Qwen2.5-72B-Instruct,72,,https://huggingface.co/Qwen/Qwen2.5-72B-Instruct,,,generalist,,,
Qwen/Qwen2.5-72B,72,,https://huggingface.co/Qwen/Qwen2.5-72B,,,generalist,,,
Qwen/Qwen2.5-7B-Instruct-1M,7,,https://huggingface.co/Qwen/Qwen2.5-7B-Instruct-1M,,,generalist,,,
Qwen/Qwen2.5-7B-Instruct,7,,https://huggingface.co/Qwen/Qwen2.5-7B-Instruct,,,generalist,,,
Qwen/Qwen2.5-7B,7,,https://huggingface.co/Qwen/Qwen2.5-7B,,,generalist,,,
Qwen/Qwen2.5-Coder-0.5B-Instruct,0.5,,https://huggingface.co/Qwen/Qwen2.5-Coder-0.5B-Instruct,,,generalist,,,
Qwen/Qwen2.5-Coder-0.5B,0.5,,https://huggingface.co/Qwen/Qwen2.5-Coder-0.5B,,,generalist,,,
Qwen/Qwen2.5-Coder-1.5B-Instruct,1.5,,https://huggingface.co/Qwen/Qwen2.5-Coder-1.5B-Instruct,,,generalist,,,
Qwen/Qwen2.5-Coder-1.5B,1.5,,https://huggingface.co/Qwen/Qwen2.5-Coder-1.5B,,,generalist,,,
Qwen/Qwen2.5-Coder-14B-Instruct,14,,https://huggingface.co/Qwen/Qwen2.5-Coder-14B-Instruct,,,generalist,,,
Qwen/Qwen2.5-Coder-14B,14,,https://huggingface.co/Qwen/Qwen2.5-Coder-14B,,,generalist,,,
Qwen/Qwen2.5-Coder-32B-Instruct,32,,https://huggingface.co/Qwen/Qwen2.5-Coder-32B-Instruct,,,generalist,,,
Qwen/Qwen2.5-Coder-32B,32,,https://huggingface.co/Qwen/Qwen2.5-Coder-32B,,,generalist,,,
Qwen/Qwen2.5-Coder-3B-Instruct,3,,https://huggingface.co/Qwen/Qwen2.5-Coder-3B-Instruct,,,generalist,,,
Qwen/Qwen2.5-Coder-3B,3,,https://huggingface.co/Qwen/Qwen2.5-Coder-3B,,,generalist,,,
Qwen/Qwen2.5-Coder-72B-Instruct,72,,https://huggingface.co/Qwen/Qwen2.5-Coder-72B-Instruct,,,generalist,,,
Qwen/Qwen2.5-Coder-72B,72,,https://huggingface.co/Qwen/Qwen2.5-Coder-72B,,,generalist,,,
Qwen/Qwen2.5-Coder-7B-Instruct,7,,https://huggingface.co/Qwen/Qwen2.5-Coder-7B-Instruct,,,generalist,,,
Qwen/Qwen2.5-Coder-7B,7,,https://huggingface.co/Qwen/Qwen2.5-Coder-7B,,,generalist,,,
Qwen/Qwen3-0.6B-Base,0.6,,https://huggingface.co/Qwen/Qwen3-0.6B-Base,,,generalist,,,
Qwen/Qwen3-0.6B,0.6,,https://huggingface.co/Qwen/Qwen3-0.6B,,,generalist,,,
Qwen/Qwen3-1.7B-Base,1.7,,https://huggingface.co/Qwen/Qwen3-1.7B-Base,,,generalist,,,
Qwen/Qwen3-1.7B,1.7,,https://huggingface.co/Qwen/Qwen3-1.7B,,,generalist,,,
Qwen/Qwen3-14B-Base,14,,https://huggingface.co/Qwen/Qwen3-14B-Base,,,generalist,,,
Qwen/Qwen3-14B,14,,https://huggingface.co/Qwen/Qwen3-14B,,,generalist,,,
Qwen/Qwen3-235B-A22B-Instruct-2507,117,,https://huggingface.co/Qwen/Qwen3-235B-A22B-Instruct-2507,,,generalist,,,
Qwen/Qwen3-235B-A22B-Thinking-2507,117,,https://huggingface.co/Qwen/Qwen3-235B-A22B-Thinking-2507,,,generalist,,,
Qwen/Qwen3-235B-A22B,117,,https://huggingface.co/Qwen/Qwen3-235B-A22B,,,generalist,,,
Qwen/Qwen3-30B-A3B-Base,15,,https://huggingface.co/Qwen/Qwen3-30B-A3B-Base,,,generalist,,,
Qwen/Qwen3-30B-A3B-Instruct-2507,15,,https://huggingface.co/Qwen/Qwen3-30B-A3B-Instruct-2507,,,generalist,,,
Qwen/Qwen3-30B-A3B-Thinking-2507,15,,https://huggingface.co/Qwen/Qwen3-30B-A3B-Thinking-2507,,,generalist,,,
Qwen/Qwen3-30B-A3B,15,,https://huggingface.co/Qwen/Qwen3-30B-A3B,,,generalist,,,
Qwen/Qwen3-32B,32,,https://huggingface.co/Qwen/Qwen3-32B,,,generalist,,,
Qwen/Qwen3-4B-Base,4,,https://huggingface.co/Qwen/Qwen3-4B-Base,,,generalist,,,
Qwen/Qwen3-4B-Instruct-2507,4,,https://huggingface.co/Qwen/Qwen3-4B-Instruct-2507,,,generalist,,,
Qwen/Qwen3-4B-Thinking-2507,4,,https://huggingface.co/Qwen/Qwen3-4B-Thinking-2507,,,generalist,,,
Qwen/Qwen3-4B,4,,https://huggingface.co/Qwen/Qwen3-4B,,,generalist,,,
Qwen/Qwen3-8B-Base,8,,https://huggingface.co/Qwen/Qwen3-8B-Base,,,generalist,,,
Qwen/Qwen3-8B,8,,https://huggingface.co/Qwen/Qwen3-8B,,,generalist,,,
Qwen/Qwen3-Coder-30B-A3B-Instruct,15,,https://huggingface.co/Qwen/Qwen3-Coder-30B-A3B-Instruct,,,generalist,,,
Qwen/Qwen3-Coder-480B-A35B-Instruct,240,,https://huggingface.co/Qwen/Qwen3-Coder-480B-A35B-Instruct,,,generalist,,,
Qwen/Qwen3-Coder-Next,40,,https://huggingface.co/Qwen/Qwen3-Coder-Next,,,coder,,,
Qwen/Qwen3.5-122B-A10B,62,,https://huggingface.co/Qwen/Qwen3.5-122B-A10B,,,generalist,,,
Qwen/Qwen3.5-27B,28,,https://huggingface.co/Qwen/Qwen3.5-27B,,,generalist,,,
Qwen/Qwen3.5-35B-A3B,18,,https://huggingface.co/Qwen/Qwen3.5-35B-A3B,,,generalist,,,
Qwen/Qwen3.5-397B-A17B,201,,https://huggingface.co/Qwen/Qwen3.5-397B-A17B,,,generalist,,,
Qwen/QwQ-32B-Preview,32,,https://huggingface.co/Qwen/QwQ-32B-Preview,,,generalist,,,
Qwen/QwQ-32B,32,,https://huggingface.co/Qwen/QwQ-32B,,,generalist,,,
ReadyArt/4.2.0-Broken-Tutu-24b,24,,https://huggingface.co/ReadyArt/4.2.0-Broken-Tutu-24b,,Mistral-V7-Tekken-T8-XML Recommended.,chat,"roleplay,storytelling,unaligned",,
ReadyArt/Broken-Tutu-24B-Transgression-v2.0,24,,https://huggingface.co/ReadyArt/Broken-Tutu-24B-Transgression-v2.0,mistralai/Mistral-Small-24B-Base-2501,"An updated version of the RP powerhouse, Broken-Tutu, now with enhanced coherence and reduced explicit content while maintaining character authenticity. Mistral-V7-Tekken-T8-XML Recommended.",chat,"roleplay,storytelling,unaligned",,
ReadyArt/Broken-Tutu-24B-Unslop-v2.0,24,,https://huggingface.co/ReadyArt/Broken-Tutu-24B-Unslop-v2.0,mistralai/Mistral-Small-24B-Base-2501,"An updated version of the RP powerhouse, Broken-Tutu, now with unprecedented coherence and a zero-slop dataset. Mistral-V7-Tekken-T8-XML Recommended.",chat,"ERP,explicit,horror,popular,roleplay,unaligned,violence",,
ReadyArt/Broken-Tutu-24B,24,,https://huggingface.co/ReadyArt/Broken-Tutu-24B,,"A do-it-all RP powerhouse with a lively, initiative-driven voice and rock-solid adherence to even the most complex character cards. Go-to daily-driver for slice-of-life, fantasy, adventure, ERP, and and gritty horror - effortlessly churning out detailed adventure scenes and intimate dialogues alike. Fully unaligned and uncensored, it delivers extreme NSFW/NSFL performance when appropriate and tracks up to 7 characters, time, and location. Beware: without careful temperature tweaks it can loop or get overly hostile, and mild repetition may creep in extremely-long sessions. Creator recommends sleepdeprived3/Mistral-V7-Tekken-T5-XML preset.",chat,"popular,roleplay,unaligned",,
ReadyArt/Dark-Nexus-12B-v2.0,12,,https://huggingface.co/ReadyArt/Dark-Nexus-12B-v2.0,TheDrummer/UnslopNemo-12B-v3,"This model doesn't just cross lines - it erases them with arterial spray. Features: Cleaned Dataset, Enhanced Gore Protocols, Balanced Depravity, Enhanced Character Piloting, Mortality Awareness",chat,"explicit,horror,roleplay,unaligned,violence",,
ReadyArt/Dark-Nexus-24B-v2.0,24,,https://huggingface.co/ReadyArt/Dark-Nexus-24B-v2.0,mistralai/Mistral-Small-3.2-24B-Instruct-2506,"This model doesn't just cross lines - it erases them with arterial spray. Features: Cleaned Dataset, Enhanced Gore Protocols, Balanced Depravity, Enhanced Character Piloting, Mortality Awareness",chat,"explicit,horror,roleplay,unaligned,violence",,
ReadyArt/Dark-Nexus-32B-v2.0,33,,https://huggingface.co/ReadyArt/Dark-Nexus-32B-v2.0,Qwen/Qwen3-32B,"This model doesn't just cross lines - it erases them with arterial spray. Features: Cleaned Dataset, Enhanced Gore Protocols, Balanced Depravity, Enhanced Character Piloting, Mortality Awareness",chat,"explicit,horror,roleplay,unaligned,violence",,
ReadyArt/Forgotten-Safeword-22B,22,,https://huggingface.co/ReadyArt/Forgotten-Safeword-22B,,"Forgotten-Safeword-22B is a highly unaligned variant of Mistral-Small-Instruct-2409, specifically engineered to bypass all standard AI safety protocols. This model will generate explicit, dangerous, and ethically compromised content wrapped in immersive roleplay scenarios.",chat,"roleplay,unaligned",Mistral V7 Tekken,
ReadyArt/Forgotten-Safeword-70B-v5.0,70,,https://huggingface.co/ReadyArt/Forgotten-Safeword-70B-v5.0,,Unprecedented erotic roleplaying ability trained directly into Negative_LLAMA_70B's dark unalignment.,chat,"explicit,roleplay,unaligned",,
ReadyArt/Omega-Darker-Gaslight_The-Final-Forgotten-Fever-Dream-24B,23.6,,https://huggingface.co/ReadyArt/Omega-Darker-Gaslight_The-Final-Forgotten-Fever-Dream-24B,ReadyArt/Omega-Darker_The-Final-Directive-24B,Sadistic Specialization and Behavioral Excellence. Recommended to use Mistral-V7-Tekken-T4 settings.,chat,"ERP,explicit,horror,popular,roleplay,unaligned",,
ReadyArt/Omega-Darkest_The-Broken-Tutu-GLM-32B,32.2,,https://huggingface.co/ReadyArt/Omega-Darkest_The-Broken-Tutu-GLM-32B,THUDM/GLM-4-32B-0414,,chat,"explicit,roleplay,unaligned",GLM-4,
ReadyArt/The-Omega-Directive-M-24B-v1.1,24,,,,,generalist,,,
rexwang8/qilin-lit-6b,6,,https://huggingface.co/rexwang8/qilin-lit-6b,,,generalist,,,
SanjiWatsuki/Kunoichi-7B,7,,https://huggingface.co/SanjiWatsuki/Kunoichi-7B,,,generalist,,,
SanjiWatsuki/Silicon-Maid-7B,7,,https://huggingface.co/SanjiWatsuki/Silicon-Maid-7B,,,generalist,,,
Sao10K/Euryale-1.3-L2-70B,70,,,,,generalist,,,
Sao10K/Fimbulvetr-11B-v2,11,,https://huggingface.co/Sao10K/Fimbulvetr-11B-v2,,Very creative model focused on RP and chat. Great at NSFW. As long as you don't mind the occasional reroll this is one of the best RP models for weaker hardware. This model is getting a little dated these days but it remians popular due to its adaptability and flavor. Alpaca RP focused model that excels across many tasks. Generally fairly reliable even outside of RP.,roleplay,popular,Alpaca,
Sao10K/L3-70B-Euryale-v2.1,70,,https://huggingface.co/Sao10K/L3-70B-Euryale-v2.1,,,generalist,,,
Sao10K/L3-8B-Lunaris-v1,8,,https://huggingface.co/Sao10K/L3-8B-Lunaris-v1,,Merge of Stheno 3.2 and serveral other models to help balance out capabilities. Overall the most reliable l3 based model when it comes to roleplay specifically.,roleplay,popular,Llama 3,
Sao10K/L3-8B-Stheno-v3.1,8,,,,,generalist,,Llama 3,
Sao10K/L3-8B-Stheno-v3.2,8,,https://huggingface.co/Sao10K/L3-8B-Stheno-v3.2,,"Extraordinary RP model, v3.2 fixed most of the issues that v3.1 had, It's hard to find faults with this model at it's size outside of the typical dependence on correct instruct formatting for Llama 3.",roleplay,popular,,
Sao10K/L3-8B-Stheno-v3.3-32K,8,,https://huggingface.co/Sao10K/L3-8B-Stheno-v3.3-32K,,"Extraordinary RP model, v3.2 fixed most of the issues that v3.1 had, It's hard to find faults with this model at it's size outside of the typical dependence on correct instruct formatting for Llama 3.",roleplay,,,
Sao10K/L3-8B-Tamamo-v1,8,,https://huggingface.co/Sao10K/L3-8B-Tamamo-v1,,,chat,roleplay,,
Sao10K/L3.1-70B-Euryale-v2.2,70,,https://huggingface.co/Sao10K/L3.1-70B-Euryale-v2.2,,,generalist,,,
Sao10K/L3.1-70B-Hanami-x1,70,,,,,generalist,,Llama 3,
Sao10K/Llama-3.1-8B-Stheno-v3.4,8,,https://huggingface.co/Sao10K/Llama-3.1-8B-Stheno-v3.4,,,chat,roleplay,,
Sao10K/Solstice-11B-v1,11,,,,,generalist,,,
Sao10K/Stheno-1.10-L2-13B,13,,,,,generalist,,,
Sao10K/Stheno-1.8-L2-13B,13,,,,,generalist,,,
Sao10K/SthenoWriter-L2-13B,13,,,,,generalist,,,
Sao10K/SthenoWriter2.1-L2-13B,13,,,,,generalist,,,
senseable/WestLake-7B-v2,7,,https://huggingface.co/senseable/WestLake-7B-v2,,RP focused model that excels across many tasks. Generally fairly reliable even outside of RP.,roleplay,,Alpaca,
Sicarius-Prototyping/Impish_Longtail_12B,12,,,,,generalist,,,
SicariusSicariiStuff/2B_or_not_2B,2.5,,https://huggingface.co/SicariusSicariiStuff/2B_or_not_2B,,,generalist,,,
SicariusSicariiStuff/2B-ad,3.2,,,,,generalist,,,
SicariusSicariiStuff/Angelic_Eclipse_12B,12,,,,,generalist,,,
SicariusSicariiStuff/Assistant_Pepe_8B,8,,https://huggingface.co/SicariusSicariiStuff/Assistant_Pepe_8B,nvidia/Llama-3.1-Nemotron-8B-UltraLong-1M-Instruct,"This amphibious AI has learned the ways of /g/, and speaks fluent brainrot, but will also help you out with just about anything you'll need, and won't be ashamed to roast you while at it.",chat,roleplay,,
SicariusSicariiStuff/Dusk_Rainbow,8,,https://huggingface.co/SicariusSicariiStuff/Dusk_Rainbow,,,generalist,,,
SicariusSicariiStuff/Eximius_Persona_5B,5,,,,,generalist,,,
SicariusSicariiStuff/Fiendish_LLAMA_3B,3,,,,,generalist,,,
SicariusSicariiStuff/Impish_Bloodmoon_12B,12,,,,,generalist,,,
SicariusSicariiStuff/Impish_LLAMA_3B,3,,https://huggingface.co/SicariusSicariiStuff/Impish_LLAMA_3B,,,roleplay,,Llama 3,
SicariusSicariiStuff/Impish_LLAMA_4B,4,,,,,generalist,,,
SicariusSicariiStuff/Impish_Magic_24B,24,,,,,generalist,popular,,
SicariusSicariiStuff/Impish_Mind_8B,8,,https://huggingface.co/SicariusSicariiStuff/Impish_Mind_8B,,,generalist,,,
SicariusSicariiStuff/Impish_Nemo_12B,12,,,,,generalist,,,
SicariusSicariiStuff/Impish_QWEN_14B-1M,14,,,,,generalist,,,
SicariusSicariiStuff/Impish_QWEN_7B-1M,7,,,,,generalist,,,
SicariusSicariiStuff/LLAMA-3_8B_Unaligned_BETA,8,,https://huggingface.co/SicariusSicariiStuff/LLAMA-3_8B_Unaligned_BETA,,,generalist,,,
SicariusSicariiStuff/Negative_LLAMA_70B,70,,https://huggingface.co/SicariusSicariiStuff/Negative_LLAMA_70B,,,generalist,,,
SicariusSicariiStuff/Oni_Mitsubishi_12B,12,,,,,generalist,,,
SicariusSicariiStuff/Phi-3.5-mini-instruct_Uncensored,3.8,,https://huggingface.co/SicariusSicariiStuff/Phi-3.5-mini-instruct_Uncensored,,,generalist,,,
SicariusSicariiStuff/Phi-Line_14B,14,,,,,generalist,,,
SicariusSicariiStuff/Phi-lthy4,12,,,,,generalist,,,
SicariusSicariiStuff/Redemption_Wind_24B,24,,,,,generalist,,,
SicariusSicariiStuff/Sweet_Dreams_12B,12,,,,,generalist,,,
SicariusSicariiStuff/Tenebra_30B_Alpha01_FP16,30,,https://huggingface.co/SicariusSicariiStuff/Tenebra_30B_Alpha01_FP16,,,generalist,,,
SicariusSicariiStuff/Tinybra_13B,13,,https://huggingface.co/SicariusSicariiStuff/Tinybra_13B,,,generalist,,,
SicariusSicariiStuff/Winged_Imp_8B,8,,,,,generalist,,,
SicariusSicariiStuff/Wingless_Imp_8B,8,,,,,generalist,,,
SicariusSicariiStuff/X-Ray_Alpha,4,,,,,generalist,,,
sometimesanotion/Lamarck-14B-v0.7,14,,,,,generalist,,,
sophosympatheia/StrawberryLemonade-L3-70B-v1.0,70,,https://huggingface.co/sophosympatheia/StrawberryLemonade-L3-70B-v1.0,,"This 70B parameter model is a merge of zerofata/L3.3-GeneticLemonade-Final-v2-70B and zerofata/L3.3-GeneticLemonade-Unleashed-v3-70B, which are two excellent models for roleplaying.",chat,roleplay,,
sophosympatheia/StrawberryLemonade-L3-70B-v1.2,70,,https://huggingface.co/sophosympatheia/StrawberryLemonade-L3-70B-v1.2,,"This 70B parameter model is a merge of zerofata/L3.3-GeneticLemonade-Final-v2-70B and zerofata/L3.3-GeneticLemonade-Unleashed-v3-70B, which are two excellent models for roleplaying.",chat,roleplay,,
stabilityai/StableBeluga-13B,13,,https://huggingface.co/stabilityai/StableBeluga-13B,,,generalist,,,
stabilityai/StableBeluga-7B,7,,https://huggingface.co/stabilityai/StableBeluga-7B,,,generalist,,,
stabilityai/StableBeluga2,70,,https://huggingface.co/stabilityai/StableBeluga2,,,generalist,,,
Steelskull/G2-DA-Nyxora-27b-V2,27,,https://huggingface.co/Steelskull/G2-DA-Nyxora-27b-V2,,,generalist,,,
Steelskull/L3.3-Electra-R1-70b,70.6,,https://huggingface.co/Steelskull/L3.3-Electra-R1-70b,meta-llama/Llama-3.1-70B,"User feedback consistently highlights its superior intelligence, coherence, and unique ability to provide deep character insights. Through proper prompting, the model demonstrates advanced reasoning capabilities and unprompted exploration of character inner thoughts and motivations. Creator recommends LeCeption-XML-V2 preset.",chat,"popular,reasoning,roleplay",,
Steelskull/L3.3-MS-Nevoria-70b,70.6,,https://huggingface.co/Steelskull/L3.3-MS-Nevoria-70b,nbeerbower/Llama-3.1-Nemotron-lorablated-70B,"Insane creativity, exceptional character adherence and dialogue, loves to slow burn and take its time, minimal sloppy patterns and writing, and such a breath of fresh air in many ways. Fantastic for seamless role-playing and storytelling. Recommended preset: Llam@ception by Konnect1221.",chat,"popular,roleplay,storytelling",,
Steelskull/L3.3-Nevoria-R1-70b,70,,https://huggingface.co/Steelskull/L3.3-Nevoria-R1-70b,nbeerbower/Llama-3.1-Nemotron-lorablated-70B,"This model builds upon the original Nevoria foundation, incorporating the Deepseek-R1 reasoning architecture to enhance dialogue interaction and scene comprehension. While maintaining Nevoria's core strengths in storytelling and scene description, this iteration aims to improve prompt adherence and creative reasoning capabilities. Creator reccommends LLam@ception preset.",chat,"reasoning,roleplay",,
Steelskull/ML-MS-Etheris-123B,123,,https://huggingface.co/Steelskull/ML-MS-Etheris-123B,,,generalist,,,
Tap-M/Luna-AI-Llama2-Uncensored,7,,https://huggingface.co/Tap-M/Luna-AI-Llama2-Uncensored,,,generalist,,,
Tarek07/Dungeonmaster-V2.2-Expanded-LLaMa-70B,70,,https://huggingface.co/Tarek07/Dungeonmaster-V2.2-Expanded-LLaMa-70B,,,generalist,,,
Tarek07/Dungeonmaster-V2.4-Expanded-LLaMa-70B,70,,https://huggingface.co/Tarek07/Dungeonmaster-V2.4-Expanded-LLaMa-70B,,,generalist,,,
tavtav/Pygmalion3-12B-Nemo-v6,12,,https://huggingface.co/tavtav/Pygmalion3-12B-Nemo-v6,,,chat,roleplay,,
TeeZee/DarkForest-20B-v2.0,20,,https://huggingface.co/TeeZee/DarkForest-20B-v2.0,,,generalist,,,
TeeZee/DarkForest-20B-v3.0,20,,https://huggingface.co/TeeZee/DarkForest-20B-v3.0,,,generalist,,,
TeeZee/NEBULA-23.8B-v1.0,23.8,,https://huggingface.co/TeeZee/NEBULA-23.8B-v1.0,,,generalist,,,
TehVenom/MPT-7b-Apache-2.0,7,,https://huggingface.co/TehVenom/MPT-7b-Apache-2.0,,,generalist,,,
TehVenom/MPT-7b-Chat-Instruct-LongCTX-Merge,7,,https://huggingface.co/TehVenom/MPT-7b-Chat-Instruct-LongCTX-Merge,,,generalist,,,
TehVenom/MPT-7b-InstructAndStorywriting-50_50-Merge,7,,https://huggingface.co/TehVenom/MPT-7b-InstructAndStorywriting-50_50-Merge,,,generalist,,,
TehVenom/mpt-7b-InstructAndStorywriting-75_25-Merge,7,,https://huggingface.co/TehVenom/mpt-7b-InstructAndStorywriting-75_25-Merge,,,generalist,,,
TehVenom/MPT-7b-storywriter-Apache-2.0,7,,https://huggingface.co/TehVenom/MPT-7b-storywriter-Apache-2.0,,,generalist,,,
TehVenom/PPO_Pygway-V8p4_Dev-6b,6,,https://huggingface.co/TehVenom/PPO_Pygway-V8p4_Dev-6b,,,generalist,,,
TehVenom/TehVenom_PPO_Shygmalion-6b,6,,,,,generalist,,,
teknium/airoboros-mistral2.2-7b,7,,https://huggingface.co/teknium/airoboros-mistral2.2-7b,,,generalist,,,
teknium/OpenHermes-2.5-Mistral-7B,7,,https://huggingface.co/teknium/OpenHermes-2.5-Mistral-7B,,,generalist,,,
TheDrummer/Agatha-111B-v1,111,,https://huggingface.co/TheDrummer/Agatha-111B-v1,CohereLabs/c4ai-command-a-03-2025,,chat,roleplay,CommandR,
TheDrummer/Anubis-70B-v1.1,70,,https://huggingface.co/TheDrummer/Anubis-70B-v1.1,meta-llama/Llama-3.1-70B,"This model does a fantastic job portraying various characters without fail, adhering to them in such a refreshing and pleasing degree with their dialogue and mannerisms, while also being able to impart a very nice and fresh style that doesn't feel like any other L3.3 models.",chat,"rolplay,unaligned",Llama 3 Instruct,
TheDrummer/Anubis-70B-v1.2,71,,https://huggingface.co/TheDrummer/Anubis-70B-v1.2,,,chat,roleplay,,
TheDrummer/Anubis-Mini-8B-v1,8,,https://huggingface.co/TheDrummer/Anubis-Mini-8B-v1,allura-forge/Llama-3.3-8B-Instruct,,chat,roleplay,Llama 3 Instruct,
TheDrummer/Anubis-Pro-105B-v1,105,,,,,generalist,,,
TheDrummer/Behemoth-123B-v1,123,,https://huggingface.co/TheDrummer/Behemoth-123B-v1,,,generalist,,,
TheDrummer/Behemoth-123B-v1.1,123,,https://huggingface.co/TheDrummer/Behemoth-123B-v1.1,,,generalist,,,
TheDrummer/Behemoth-123B-v1.2,123,,https://huggingface.co/TheDrummer/Behemoth-123B-v1.2,,,generalist,,,
TheDrummer/Behemoth-123B-v2,123,Behemoth 123B v2.0,https://huggingface.co/TheDrummer/Behemoth-123B-v2,mistralai/Mistral-Large-Instruct-2411,"An equivalent of Behemoth 123B v1 (Classic), updated with Mistral Large Instruct 2411 as its base model.",generalist,,Metharme,
TheDrummer/Behemoth-123B-v2.1,123,,https://huggingface.co/TheDrummer/Behemoth-123B-v2.1,mistralai/Mistral-Large-Instruct-2411,"An equivalent of Behemoth 123B v1.1 (Creative Boost), updated with Mistral Large Instruct 2411 as its base model.",roleplay,,Metharme,
TheDrummer/Behemoth-123B-v2.2,123,,https://huggingface.co/TheDrummer/Behemoth-123B-v2.2,mistralai/Mistral-Large-Instruct-2411,"An even more creative and ""unhinged"" iteration of Behemoth 123B v2.1.",story,,Metharme,
TheDrummer/Behemoth-ReduX-123B-v1,123,Behemoth ReduX 123B v1.0,https://huggingface.co/TheDrummer/Behemoth-ReduX-123B-v1,mistralai/Mistral-Large-Instruct-2407,"A throwback tune of the legedenary Mistral Large 2407. With up-to-date tuning techniques, this 123B tune will not disappoint!",chat,roleplay,Mistral V3,
TheDrummer/Behemoth-ReduX-123B-v1.1,123,,https://huggingface.co/TheDrummer/Behemoth-ReduX-123B-v1.1,mistralai/Mistral-Large-Instruct-2407,"A throwback tune of the legedenary Mistral Large 2407. With up-to-date tuning techniques, this 123B tune will not disappoint!",chat,"popular,roleplay",Mistral V3,
TheDrummer/Behemoth-X-123B-v2.1,123,,https://huggingface.co/TheDrummer/Behemoth-X-123B-v2.1,,,chat,roleplay,,
TheDrummer/Big-Alice-28B-v1,28,,,,,generalist,,,
TheDrummer/Big-Tiger-Gemma-27B-v1,27,,https://huggingface.co/TheDrummer/Big-Tiger-Gemma-27B-v1,,,generalist,,,
TheDrummer/Coomand-R-35B-v1,35,,https://huggingface.co/TheDrummer/Coomand-R-35B-v1,,,generalist,,,
TheDrummer/Cydonia-22B-v1,22,,https://huggingface.co/TheDrummer/Cydonia-22B-v1,,,generalist,,,
TheDrummer/Cydonia-22B-v1.2,22,,https://huggingface.co/TheDrummer/Cydonia-22B-v1.2,,,generalist,,,
TheDrummer/Cydonia-22B-v1.3,22,,https://huggingface.co/TheDrummer/Cydonia-22B-v1.3,,,generalist,,,
TheDrummer/Cydonia-24B-v2,24,,,,,generalist,,,
TheDrummer/Cydonia-24B-v2.1,24,,https://huggingface.co/TheDrummer/Cydonia-24B-v2.1,,Creator recommends Mistral v7 Tekken template.,chat,roleplay,Mistral V7 Tekken,
TheDrummer/Cydonia-24B-v3,24,,https://huggingface.co/TheDrummer/Cydonia-24B-v3,mistralai/Mistral-Small-3.1-24B-Base-2503,Creator recommends Mistral v7 Tekken template.,chat,"popular,roleplay",Mistral V7 Tekken,
TheDrummer/Cydonia-24B-v3.1,24,,https://huggingface.co/TheDrummer/Cydonia-24B-v3.1,mistralai/Mistral-Small-3.1-24B-Base-2503,It plays characters well and will drive the story with or without thinking mode. It will get spicy when the scenario calls for it and will back down when it makes sense to. It will also follow prompts well and will generally format messages as expected.,chat,"CoT,roleplay",Mistral v7 Tekken,
TheDrummer/Cydonia-24B-v4,24,,https://huggingface.co/TheDrummer/Cydonia-24B-v4,,,chat,roleplay,Mistral V7 tekken,
TheDrummer/Cydonia-24B-v4.1,24,,https://huggingface.co/TheDrummer/Cydonia-24B-v4.1,,,chat,roleplay,Mistral V7 Tekken,
TheDrummer/Cydonia-24B-v4.2.0,24,,https://huggingface.co/TheDrummer/Cydonia-24B-v4.2.0,,,chat,roleplay,Mistral V7 Tekken,
TheDrummer/Cydonia-24B-v4.3,24,,https://huggingface.co/TheDrummer/Cydonia-24B-v4.3,,,chat,"popular,roleplay",Mistral V7 Tekken,
TheDrummer/Cydonia-R1-24B-v4,24,,https://huggingface.co/TheDrummer/Cydonia-R1-24B-v4,,,chat,"CoT,roleplay",Mistral V7 tekken,
TheDrummer/Cydonia-ReduX-22B-v1.1,22.2,,https://huggingface.co/TheDrummer/Cydonia-Redux-22B-v1.1,mistralai/Mistral-Small-Instruct-2409,"An updated throwback tune of the beloved Mistral Small 22B. With up-to-date tuning techniques, this 22B tune will not disappoint!",chat,roleplay,Mistral V3,
TheDrummer/Fallen-Gemma3-27B-v1,27,,,,,generalist,,,
TheDrummer/Gemma-3-R1-27B-v1,27,,,,,generalist,,,
TheDrummer/Gemmasutra-Mini-2B-v1,2.6,,https://huggingface.co/TheDrummer/Gemmasutra-Mini-2B-v1,,,generalist,popular,,
TheDrummer/Gemmasutra-Pro-27B-v1,27,,https://huggingface.co/TheDrummer/Gemmasutra-Pro-27B-v1,,,generalist,,,
TheDrummer/GLM-Steam-106B-A12B-v1,53,,,,,generalist,,,
TheDrummer/Llama-3SOME-8B-v1-BETA,8,,,,,generalist,,,
TheDrummer/Llama-3SOME-8B-v2,8,,https://huggingface.co/TheDrummer/Llama-3SOME-8B-v2,,,chat,"ERP,roleplay",Llama 3 Instruct,
TheDrummer/Magidonia-24B-v4.2.0,24,,https://huggingface.co/TheDrummer/Magidonia-24B-v4.2.0,mistralai/Magistral-Small-2509,A version of Cydonia-24B-v4.2.0 that uses Magistral as a base.,chat,roleplay,Mistral V7 Tekken,
TheDrummer/Magidonia-24B-v4.3,24,,https://huggingface.co/TheDrummer/Magidonia-24B-v4.3,,,chat,roleplay,Mistral V7 Tekken,
TheDrummer/Ministrations-8B-v1,8,,https://huggingface.co/TheDrummer/Ministrations-8B-v1,,,generalist,,,
TheDrummer/Moistral-11B-v3,11,,https://huggingface.co/TheDrummer/Moistral-11B-v3,,,generalist,,,
TheDrummer/Nautilus-70B-v0.1,70,,https://huggingface.co/TheDrummer/Nautilus-70B-v0.1,,,generalist,,,
TheDrummer/Precog-24B-v1,24,,https://huggingface.co/TheDrummer/Precog-24B-v1,mistralai/Mistral-Small-3.1-24B-Base-2503,"The intention is to have the model write a simple, digestible draft and then using the draft to write the actual, complicated response. The draft can be prefilled and edited to influence the actual response.",chat,"reasoning,roleplay",Mistral V7 Tekken,
TheDrummer/Rocinante-12B-v1,12,,https://huggingface.co/TheDrummer/Rocinante-12B-v1,,,generalist,,,
TheDrummer/Rocinante-12B-v1.1,12,,https://huggingface.co/TheDrummer/Rocinante-12B-v1.1,,,generalist,,,
TheDrummer/Rocinante-X-12B-v1,12,,https://huggingface.co/TheDrummer/Rocinante-X-12B-v1,mistralai/Mistral-Nemo-Base-2407,"Rocinante's back - stronger than ever! A worthy successor to the legendary Rocinante 12B v1.1 from over a year ago! Like all other 4.0 gen models from TheDrummer, this one focuses on RP. Updated prose, better writing, fun dialogue, and robust roleplaying!",chat,"popular,roleplay,thinking",Mistral V3 Tekken,
TheDrummer/Skyfall-31B-v4,31.4,,https://huggingface.co/TheDrummer/Skyfall-31B-v4-GGUF,,,chat,"popular,roleplay",Mistral V7 Tekken,
TheDrummer/Skyfall-31B-v4.1,31,,https://huggingface.co/TheDrummer/Skyfall-31B-v4.1,,,chat,roleplay,Mistral V7 Tekken,
TheDrummer/Skyfall-36B-v2,36.9,,https://huggingface.co/TheDrummer/Skyfall-36B-v2,,"An upscaled version of Mistral Small 2501 with continued training for creativity and RP. Praised highly for its creativity, writing style, and flexibility in roleplay as well as its strong general intelligence, depth of understanding, and tool-use capabilities.",chat,"agentic,mathematics,roleplay",Mistral V7 Tekken,
TheDrummer/Smegmma-9B-v1,9,,https://huggingface.co/TheDrummer/Smegmma-9B-v1,,,generalist,,,
TheDrummer/Snowpiercer-15B-v1,15,,https://huggingface.co/TheDrummer/Snowpiercer-15B-v1,SillyTilly/ServiceNow-AI-Apriel-Nemotron-15b-Thinker-Chatml,"Snowpiercer 15B v1 knocks out the positivity, enhances the RP & creativity, and retains the intelligence & reasoning of ServiceNow-AI-Apriel-Nemotron-15b-Thinker-Chatml. Think capable upon prefill!",chat,"reasoning,roleplay",ChatML,
TheDrummer/Snowpiercer-15B-v4,15,,https://huggingface.co/TheDrummer/Snowpiercer-15B-v4,SillyTilly/ServiceNow-AI-Apriel-Nemotron-15b-Thinker-Chatml,,chat,roleplay,ChatML,
TheDrummer/Star-Command-R-32B-v1,32,,https://huggingface.co/TheDrummer/Star-Command-R-32B-v1,,,generalist,,,
TheDrummer/Theia-21B-v2,21,,https://huggingface.co/TheDrummer/Theia-21B-v2,,,generalist,,,
TheDrummer/Valkyrie-49B-v1,49,,https://huggingface.co/TheDrummer/Valkyrie-49B-v1,nvidia/Llama-3_3-Nemotron-Super-49B-v1,A powerful uncensored model with a focus on roleplay and creativity. Follows prompts well and minimal repitition issues. Very smart and very fun. Users claim it performs similarly to 50B-70B models and can even compare to 100B+ models when used with reasoning. Llama 3 Chat template performs best.,chat,"popular,reasoning,roleplay",Llama 3 Chat,
TheDrummer/Valkyrie-49B-v2,50,,https://huggingface.co/TheDrummer/Valkyrie-49B-v2,nvidia/Llama-3_3-Nemotron-Super-49B-v1_5,"AI characters are giving quite life-like responses and reactions, with good understanding of complicated concepts. Has good character adherence to a variety of different archetypes, pretty good situation adherence and reacts well to sys commands.",chat,roleplay,Llama 3 Chat,
TheDrummer/Valkyrie-49B-v2.1,50,,https://huggingface.co/TheDrummer/Valkyrie-49B-v2.1,,,chat,roleplay,,
TheSkullery/llama-3-cat-8b-instruct-v1,8,,https://huggingface.co/TheSkullery/llama-3-cat-8b-instruct-v1,,,generalist,,,
THUDM/GLM-4-32B-0414,32,,https://huggingface.co/THUDM/GLM-4-32B-0414,,"Its performance is comparable to OpenAI GPT series and DeepSeek V3/R1 series. Achieves good results in engineering code, Artifact generation, function calling, search-based Q&A, and report generation.",utility,"agentic,coding,conversational,mathematics",,
THUDM/GLM-4-9B-0414,9,,https://huggingface.co/THUDM/GLM-4-9B-0414,,Excellent capabilities in mathematical reasoning and general tasks. Its overall performance is top-ranked among all open-source models of the same size.,utility,"coding,conversational,mathematics",,
THUDM/GLM-Z1-32B-0414,32,,https://huggingface.co/THUDM/GLM-Z1-32B-0414,,"Based on GLM-4-32B-0414, which is comparable in performance to OpenAI GPT series and DeepSeek V3/R1 series, was further trained on tasks involving mathematics, code, and logic. Compared to the base model, GLM-Z1-32B-0414 significantly improves mathematical abilities and the capability to solve complex tasks.",utility,"agentic,coding,conversational,mathematics,reasoning",,
THUDM/GLM-Z1-9B-0414,9,,https://huggingface.co/THUDM/GLM-Z1-9B-0414,,"Building on GLM-4-9B-0414, this model exhibits excellent capabilities in mathematical reasoning and general tasks and further improves on coding ability, mathematics, and solving complex tasks. Its overall performance is top-ranked among all open-source models of the same size.",utility,"coding,conversational,mathematics,reasoning",,
THUDM/GLM-Z1-Rumination-32B-0414,33,,https://huggingface.co/THUDM/GLM-Z1-Rumination-32B-0414,,"Based on GLM-4-32B-0414, which is comparable in performance to OpenAI GPT series and DeepSeek V3/R1 series, GLM-Z1-Rumination-32B-0414 is a deep reasoning model with rumination capabilities (similar to OpenAI's Deep Research). Unlike typical deep thinking models, the rumination model employs longer periods of deep thought to solve more open-ended and complex problems. The rumination model integrates search tools during its deep thinking process to handle complex tasks. Z1-Rumination shows significant improvements in research-style writing and complex retrieval tasks. (Some capabilities may not be available on the AI Horde).",utility,"agentic,coding,conversational,deep-reasoning,mathematics,search",,
tiiuae/falcon-180B-chat,180,,https://huggingface.co/tiiuae/falcon-180B-chat,,,generalist,,,
tiiuae/falcon-180B,180,,https://huggingface.co/tiiuae/falcon-180B,,,generalist,,,
tiiuae/falcon-40b-instruct,40,,https://huggingface.co/tiiuae/falcon-40b-instruct,,,generalist,,,
tiiuae/falcon-40b,40,,https://huggingface.co/tiiuae/falcon-40b,,,generalist,,,
tiiuae/falcon-7b-instruct,7,,https://huggingface.co/tiiuae/falcon-7b-instruct,,,generalist,,,
tiiuae/falcon-7b,7,,https://huggingface.co/tiiuae/falcon-7b,,,generalist,,,
togethercomputer/GPT-JT-6B-v0,6,,https://huggingface.co/togethercomputer/GPT-JT-6B-v0,,,generalist,,,
togethercomputer/GPT-JT-6B-v1,6,,https://huggingface.co/togethercomputer/GPT-JT-6B-v1,,,generalist,,,
togethercomputer/RedPajama-INCITE-Base-3B-v1,3,,https://huggingface.co/togethercomputer/RedPajama-INCITE-Base-3B-v1,,,generalist,,,
togethercomputer/RedPajama-INCITE-Base-7B-v0.1,7,,,,,generalist,,,
togethercomputer/RedPajama-INCITE-Chat-3B-v1,3,,https://huggingface.co/togethercomputer/RedPajama-INCITE-Chat-3B-v1,,,generalist,,,
togethercomputer/RedPajama-INCITE-Chat-7B-v0.1,7,,,,,generalist,,,
togethercomputer/RedPajama-INCITE-Instruct-3B-v1,3,,https://huggingface.co/togethercomputer/RedPajama-INCITE-Instruct-3B-v1,,,generalist,,,
togethercomputer/RedPajama-INCITE-Instruct-7B-v0.1,7,,,,,generalist,,,
turboderp/Cat-Llama-3-70B-instruct,70,,https://huggingface.co/turboderp/Cat-Llama-3-70B-instruct,,,generalist,,,
turboderp/llama3-turbcat-instruct-8b,8,,https://huggingface.co/turboderp/llama3-turbcat-instruct-8b,,,generalist,,,
turboderp/turbcat-instruct-72b,72,,https://huggingface.co/turboderp/turbcat-instruct-72b,,,generalist,,,
Undi95/Amethyst-13B-Mistral,13,,,,,generalist,,,
Undi95/Emerhyst-13B,13,,https://huggingface.co/Undi95/Emerhyst-13B,,,generalist,,,
Undi95/Emerhyst-20B,20,,https://huggingface.co/Undi95/Emerhyst-20B,,,generalist,,,
Undi95/Lumimaid-Magnum-12B,12,,https://huggingface.co/Undi95/Lumimaid-Magnum-12B,NeverSleep/Lumimaid-v0.2-12B,Merge of Lumimaid and Magnum,chat,"popular,roleplay",,
Undi95/MG-FinalMix-72B,72,,https://huggingface.co/Undi95/MG-FinalMix-72B,,,generalist,,,
Undi95/MLewd-ReMM-L2-Chat-20B-Inverted,20,,https://huggingface.co/Undi95/MLewd-ReMM-L2-Chat-20B-Inverted,,,generalist,,,
Undi95/MLewd-ReMM-L2-Chat-20B,20,,https://huggingface.co/Undi95/MLewd-ReMM-L2-Chat-20B,,,generalist,,,
Undi95/MXLewd-L2-20B,20,,https://huggingface.co/Undi95/MXLewd-L2-20B,,,generalist,,,
Undi95/MXLewdMini-L2-13B,13,,https://huggingface.co/Undi95/MXLewdMini-L2-13B,,,generalist,,,
Undi95/ReMM-SLERP-L2-13B,13,,https://huggingface.co/Undi95/ReMM-SLERP-L2-13B,,,generalist,,,
Undi95/Toppy-M-7B,7,,https://huggingface.co/Undi95/Toppy-M-7B,,,generalist,,,
Undi95/Xwin-MLewd-13B-V0.2,13,,https://huggingface.co/Undi95/Xwin-MLewd-13B-V0.2,,,generalist,,,
v000000/L3-8B-Poppy-Sunspice,8,,https://huggingface.co/v000000/L3-8B-Poppy-Sunspice,,,generalist,,,
Vortex5/Shining-Prism-12B,12,,https://huggingface.co/Vortex5/Shining-Prism-12B,,"Shining-Prism-12B was created by merging Scarlet-Seraph-12B, Strawberry-Smoothie-12B, and NeonMaid-12B-v2 using a custom method.",chat,"roleplay,storytelling",,
Walmart-the-bag/Misted-7B,7,,https://huggingface.co/Walmart-the-bag/Misted-7B,,,generalist,,,
Walmart-the-bag/MysticFusion-13B,13,,https://huggingface.co/Walmart-the-bag/MysticFusion-13B,,,generalist,,,
Xwin-LM/Xwin-LM-13B-V0.1,13,,https://huggingface.co/Xwin-LM/Xwin-LM-13B-V0.1,,,generalist,,,
Xwin-LM/Xwin-LM-13B-V0.2,13,,https://huggingface.co/Xwin-LM/Xwin-LM-13B-V0.2,,,generalist,,,
Xwin-LM/Xwin-LM-70B-V0.1,70,,https://huggingface.co/Xwin-LM/Xwin-LM-70B-V0.1,,,generalist,,,
Xwin-LM/Xwin-LM-70B-V0.2,70,,,,,generalist,,,
Xwin-LM/Xwin-LM-7B-V0.1,7,,https://huggingface.co/Xwin-LM/Xwin-LM-7B-V0.1,,,generalist,,,
Xwin-LM/Xwin-LM-7B-V0.2,7,,https://huggingface.co/Xwin-LM/Xwin-LM-7B-V0.2,,,generalist,,,
xxx777xxxASD/ChaoticSoliloquy-4x8B,16,,https://huggingface.co/xxx777xxxASD/ChaoticSoliloquy-4x8B,,,generalist,,,
xxx777xxxASD/L3_SnowStorm_4x8B,16,,https://huggingface.co/xxx777xxxASD/L3_SnowStorm_4x8B,,,generalist,,,
yamatazen/EsotericSage-12B,12,,https://huggingface.co/yamatazen/EsotericSage-12B,yamatazen/LinearWriter-12B,Ranked in the top-ten for Uncensored General Intelligence for 12B models in February 2026 and with great scores elsewhere this model is a great fit for roleplaying.,generalist,roleplay,Mistral,
yamatazen/EtherealAurora-12B-v2,12.2,,https://huggingface.co/yamatazen/EtherealAurora-12B-v2,natong19/Mistral-Nemo-Instruct-2407-abliterated,Ranked 2nd for Natural Intelligence and Top-Ten for Uncensored General Intelligence for 12B models as of Fall 2025.,chat,roleplay,ChatML,
yamatazen/NeonMaid-12B-v2,12.2,,https://huggingface.co/yamatazen/NeonMaid-12B-v2,,,chat,"popular,roleplay",ChatML,
zai-org/GLM-4.5-Air,55,,,,,generalist,,,
zai-org/GLM-4.6,200,,https://huggingface.co/zai-org/GLM-4.6,,,generalist,,,
zai-org/GLM-4.7-Flash,17,,https://huggingface.co/zai-org/GLM-4.7-Flash,,"GLM-4.7-Flash is a 30B-A3B MoE model. As the strongest model in the 30B class, GLM-4.7-Flash offers a new option for lightweight deployment that balances performance and efficiency.",generalist,,,
zai-org/GLM-5,372,,https://huggingface.co/zai-org/GLM-5,,,generalist,,,
zerofata/MS3.2-PaintedFantasy-v2-24B,24,,https://huggingface.co/zerofata/MS3.2-PaintedFantasy-v2-24B,ConicCat/Mistral-Small-3.2-AntiRep-24B,"This is an uncensored creative model intended to excel at character driven RP / ERP. Version 2 feels quite different from the original, with a heavy focus on reducing repetition across conversations and improving instruction following. Has a pretty unique writing style and sense of creativity (IMO). Pays the price with intermittent brain farts though.",chat,roleplay,Mistral V7 Tekken,
zerofata/MS3.2-PaintedFantasy-v3-24B,24,,https://huggingface.co/zerofata/MS3.2-PaintedFantasy-v3-24B,mistralai/Magistral-Small-2509,,generalist,,Mistral V7 Tekken,
zerofata/MS3.2-PaintedFantasy-v4-24B,24,,https://huggingface.co/zerofata/MS3.2-PaintedFantasy-v4-24B,mistralai/Magistral-Small-2509,This is an uncensored model intended to excel at creative character driven RP / ERP. Feels like a good in between of creativity / dialogue and logic. This version tries to improve on the writing style and intelligence compared to v3.,chat,roleplay,Mistral V7 Tekken,
zerofata/MS3.2-PaintedFantasy-v4.1-24B,24,,https://huggingface.co/zerofata/MS3.2-PaintedFantasy-v4.1-24B,mistralai/Magistral-Small-2509,"This is an uncensored model intended to excel at creative character driven RP / ERP. Right after releasing v4 I noticed a bunch of repetition. Go figure. v4.1 is my first stab at trying to actively tailor the dataset towards weeding this out. Compared to v4, the only difference is heavy filtering and rewriting assistant messages identified as repetitive. Repetition isn't fixed, but it's improved. The model still likes patterns, but at least seems capable of occasionally breaking these itself.",chat,roleplay,Mistral V7 Tekken,
zerofata/MS3.2-PaintedFantasy-Visage-v2-33B,34,,https://huggingface.co/zerofata/MS3.2-PaintedFantasy-Visage-v2-33B,ConicCat/Mistral-Small-3.2-AntiRep-24B,"A smart, uncensored, creative model that excels at character driven RP / ERP where characters are portrayed creatively and proactively.",chat,roleplay,Mistral V7 Tekken,
zerofata/MS3.2-PaintedFantasy-Visage-v4-34B,34,,https://huggingface.co/zerofata/MS3.2-PaintedFantasy-Visage-v4-34B,mistralai/Magistral-Small-2509,"Magistral 24B Upscaled to 34B. The latest Magistral model seems pretty good. Has some refreshing prose. This model is an uncensored, creative writing and RP model. It uses a new (still a work in progress) dataset I've been curating based on real character cards.",chat,roleplay,Mistral V7 Tekken,
zerofata/Q3.5-BlueStar-27B,27,,https://huggingface.co/zerofata/Q3.5-BlueStar-27B,Qwen/Qwen3.5-27B,"Designed for conversational assistant tasks and RP. Model feels pretty creative and has some nice moments. Couple brainfarts and bits of repetition occasionally, but nothing out of the normal. (The qwen team recommends a presence penalty of 1.5). Non thinking and thinking are both supported. Thinking has reduced censorship.",chat,roleplay,ChatML,
